Numero de Parte o SKU,Descripcion,Presentacion,Marca,Costo,Moneda,% de Importacion,Precio al Publico,ESPRO,Fecha Lista de Precio,Validado por ESPRO,Comentarios
RP99134,#N/D,,APPLIED BIOSYSTEMS,271.432,USD,,,Edgar Tristan,09/01/2025,,
RP99135,#N/D,,APPLIED BIOSYSTEMS,271.432,USD,,,Edgar Tristan,09/01/2025,,
RP99136,#N/D,,APPLIED BIOSYSTEMS,271.432,USD,,,Edgar Tristan,09/01/2025,,
RP99137,#N/D,,APPLIED BIOSYSTEMS,271.432,USD,,,Edgar Tristan,09/01/2025,,
RP99138,#N/D,,APPLIED BIOSYSTEMS,271.432,USD,,,Edgar Tristan,09/01/2025,,
RP99139,#N/D,,APPLIED BIOSYSTEMS,271.432,USD,,,Edgar Tristan,09/01/2025,,
RP99140,#N/D,,APPLIED BIOSYSTEMS,271.432,USD,,,Edgar Tristan,09/01/2025,,
RP99141,#N/D,,APPLIED BIOSYSTEMS,271.432,USD,,,Edgar Tristan,09/01/2025,,
RP99142,#N/D,,APPLIED BIOSYSTEMS,271.432,USD,,,Edgar Tristan,09/01/2025,,
RP99143,#N/D,,APPLIED BIOSYSTEMS,271.432,USD,,,Edgar Tristan,09/01/2025,,
RP99144,#N/D,,APPLIED BIOSYSTEMS,271.432,USD,,,Edgar Tristan,09/01/2025,,
RP99145,#N/D,,APPLIED BIOSYSTEMS,271.432,USD,,,Edgar Tristan,09/01/2025,,
RP99146,#N/D,,APPLIED BIOSYSTEMS,271.432,USD,,,Edgar Tristan,09/01/2025,,
RP99147,#N/D,,APPLIED BIOSYSTEMS,271.432,USD,,,Edgar Tristan,09/01/2025,,
RP99148,#N/D,,APPLIED BIOSYSTEMS,271.432,USD,,,Edgar Tristan,09/01/2025,,
RP99149,#N/D,,APPLIED BIOSYSTEMS,271.432,USD,,,Edgar Tristan,09/01/2025,,
RP99150,#N/D,,APPLIED BIOSYSTEMS,271.432,USD,,,Edgar Tristan,09/01/2025,,
RP99151,#N/D,,APPLIED BIOSYSTEMS,271.432,USD,,,Edgar Tristan,09/01/2025,,
RP99154,#N/D,,APPLIED BIOSYSTEMS,271.432,USD,,,Edgar Tristan,09/01/2025,,
RP99155,#N/D,,APPLIED BIOSYSTEMS,271.432,USD,,,Edgar Tristan,09/01/2025,,
RP99156,#N/D,,APPLIED BIOSYSTEMS,271.432,USD,,,Edgar Tristan,09/01/2025,,
RP99157,#N/D,,APPLIED BIOSYSTEMS,271.432,USD,,,Edgar Tristan,09/01/2025,,
RP99158,#N/D,,APPLIED BIOSYSTEMS,271.432,USD,,,Edgar Tristan,09/01/2025,,
RP99159,#N/D,,APPLIED BIOSYSTEMS,271.432,USD,,,Edgar Tristan,09/01/2025,,
RP99160,#N/D,,APPLIED BIOSYSTEMS,271.432,USD,,,Edgar Tristan,09/01/2025,,
RP99161,#N/D,,APPLIED BIOSYSTEMS,271.432,USD,,,Edgar Tristan,09/01/2025,,
RP99162,#N/D,,APPLIED BIOSYSTEMS,271.432,USD,,,Edgar Tristan,09/01/2025,,
RP99163,#N/D,,APPLIED BIOSYSTEMS,271.432,USD,,,Edgar Tristan,09/01/2025,,
RP99164,#N/D,,APPLIED BIOSYSTEMS,271.432,USD,,,Edgar Tristan,09/01/2025,,
RP99165,#N/D,,APPLIED BIOSYSTEMS,271.432,USD,,,Edgar Tristan,09/01/2025,,
RP99166,#N/D,,APPLIED BIOSYSTEMS,271.432,USD,,,Edgar Tristan,09/01/2025,,
RP99167,#N/D,,APPLIED BIOSYSTEMS,271.432,USD,,,Edgar Tristan,09/01/2025,,
RP99168,#N/D,,APPLIED BIOSYSTEMS,271.432,USD,,,Edgar Tristan,09/01/2025,,
RP99169,#N/D,,APPLIED BIOSYSTEMS,271.432,USD,,,Edgar Tristan,09/01/2025,,
RP99170,#N/D,,APPLIED BIOSYSTEMS,271.432,USD,,,Edgar Tristan,09/01/2025,,
RP99171,#N/D,,APPLIED BIOSYSTEMS,271.432,USD,,,Edgar Tristan,09/01/2025,,
RP99172,#N/D,,APPLIED BIOSYSTEMS,271.432,USD,,,Edgar Tristan,09/01/2025,,
RP99173,#N/D,,APPLIED BIOSYSTEMS,271.432,USD,,,Edgar Tristan,09/01/2025,,
RP99174,#N/D,,APPLIED BIOSYSTEMS,271.432,USD,,,Edgar Tristan,09/01/2025,,
RP99175,#N/D,,APPLIED BIOSYSTEMS,271.432,USD,,,Edgar Tristan,09/01/2025,,
RP99176,#N/D,,APPLIED BIOSYSTEMS,271.432,USD,,,Edgar Tristan,09/01/2025,,
RP99177,#N/D,,APPLIED BIOSYSTEMS,271.432,USD,,,Edgar Tristan,09/01/2025,,
RP99178,#N/D,,APPLIED BIOSYSTEMS,271.432,USD,,,Edgar Tristan,09/01/2025,,
RP99179,#N/D,,APPLIED BIOSYSTEMS,271.432,USD,,,Edgar Tristan,09/01/2025,,
RP99180,#N/D,,APPLIED BIOSYSTEMS,271.432,USD,,,Edgar Tristan,09/01/2025,,
RP99181,#N/D,,APPLIED BIOSYSTEMS,271.432,USD,,,Edgar Tristan,09/01/2025,,
RP99182,#N/D,,APPLIED BIOSYSTEMS,271.432,USD,,,Edgar Tristan,09/01/2025,,
RP99183,#N/D,,APPLIED BIOSYSTEMS,271.432,USD,,,Edgar Tristan,09/01/2025,,
RP99184,#N/D,,APPLIED BIOSYSTEMS,271.432,USD,,,Edgar Tristan,09/01/2025,,
RP99185,#N/D,,APPLIED BIOSYSTEMS,271.432,USD,,,Edgar Tristan,09/01/2025,,
RP99186,#N/D,,APPLIED BIOSYSTEMS,271.432,USD,,,Edgar Tristan,09/01/2025,,
RP99187,#N/D,,APPLIED BIOSYSTEMS,271.432,USD,,,Edgar Tristan,09/01/2025,,
RP99188,#N/D,,APPLIED BIOSYSTEMS,271.432,USD,,,Edgar Tristan,09/01/2025,,
RP99189,#N/D,,APPLIED BIOSYSTEMS,271.432,USD,,,Edgar Tristan,09/01/2025,,
RP99190,#N/D,,APPLIED BIOSYSTEMS,271.432,USD,,,Edgar Tristan,09/01/2025,,
RP99191,#N/D,,APPLIED BIOSYSTEMS,271.432,USD,,,Edgar Tristan,09/01/2025,,
RP99192,#N/D,,APPLIED BIOSYSTEMS,271.432,USD,,,Edgar Tristan,09/01/2025,,
RP99193,#N/D,,APPLIED BIOSYSTEMS,271.432,USD,,,Edgar Tristan,09/01/2025,,
RP99194,#N/D,,APPLIED BIOSYSTEMS,271.432,USD,,,Edgar Tristan,09/01/2025,,
RP99195,#N/D,,APPLIED BIOSYSTEMS,271.432,USD,,,Edgar Tristan,09/01/2025,,
RP99196,#N/D,,APPLIED BIOSYSTEMS,271.432,USD,,,Edgar Tristan,09/01/2025,,
RP99197,#N/D,,APPLIED BIOSYSTEMS,271.432,USD,,,Edgar Tristan,09/01/2025,,
RP99198,#N/D,,APPLIED BIOSYSTEMS,271.432,USD,,,Edgar Tristan,09/01/2025,,
RP99199,#N/D,,APPLIED BIOSYSTEMS,271.432,USD,,,Edgar Tristan,09/01/2025,,
RP99200,#N/D,,APPLIED BIOSYSTEMS,271.432,USD,,,Edgar Tristan,09/01/2025,,
RP99201,#N/D,,APPLIED BIOSYSTEMS,271.432,USD,,,Edgar Tristan,09/01/2025,,
RP99202,#N/D,,APPLIED BIOSYSTEMS,271.432,USD,,,Edgar Tristan,09/01/2025,,
RP99203,#N/D,,APPLIED BIOSYSTEMS,271.432,USD,,,Edgar Tristan,09/01/2025,,
RP99204,#N/D,,APPLIED BIOSYSTEMS,271.432,USD,,,Edgar Tristan,09/01/2025,,
RP99205,#N/D,,APPLIED BIOSYSTEMS,271.432,USD,,,Edgar Tristan,09/01/2025,,
RP99206,#N/D,,APPLIED BIOSYSTEMS,271.432,USD,,,Edgar Tristan,09/01/2025,,
RP99207,#N/D,,APPLIED BIOSYSTEMS,271.432,USD,,,Edgar Tristan,09/01/2025,,
RP99208,#N/D,,APPLIED BIOSYSTEMS,271.432,USD,,,Edgar Tristan,09/01/2025,,
RP99209,#N/D,,APPLIED BIOSYSTEMS,271.432,USD,,,Edgar Tristan,09/01/2025,,
RP99210,#N/D,,APPLIED BIOSYSTEMS,271.432,USD,,,Edgar Tristan,09/01/2025,,
RP99211,#N/D,,APPLIED BIOSYSTEMS,271.432,USD,,,Edgar Tristan,09/01/2025,,
RP99212,#N/D,,APPLIED BIOSYSTEMS,271.432,USD,,,Edgar Tristan,09/01/2025,,
RP99213,#N/D,,APPLIED BIOSYSTEMS,271.432,USD,,,Edgar Tristan,09/01/2025,,
RP99214,#N/D,,APPLIED BIOSYSTEMS,271.432,USD,,,Edgar Tristan,09/01/2025,,
RP99215,#N/D,,APPLIED BIOSYSTEMS,271.432,USD,,,Edgar Tristan,09/01/2025,,
RP99216,#N/D,,APPLIED BIOSYSTEMS,271.432,USD,,,Edgar Tristan,09/01/2025,,
RP99217,#N/D,,APPLIED BIOSYSTEMS,271.432,USD,,,Edgar Tristan,09/01/2025,,
RP99218,#N/D,,APPLIED BIOSYSTEMS,271.432,USD,,,Edgar Tristan,09/01/2025,,
RP99219,#N/D,,APPLIED BIOSYSTEMS,271.432,USD,,,Edgar Tristan,09/01/2025,,
RP99220,#N/D,,APPLIED BIOSYSTEMS,271.432,USD,,,Edgar Tristan,09/01/2025,,
RP99221,#N/D,,APPLIED BIOSYSTEMS,271.432,USD,,,Edgar Tristan,09/01/2025,,
RP99222,#N/D,,APPLIED BIOSYSTEMS,271.432,USD,,,Edgar Tristan,09/01/2025,,
RP99223,#N/D,,APPLIED BIOSYSTEMS,271.432,USD,,,Edgar Tristan,09/01/2025,,
RP99224,#N/D,,APPLIED BIOSYSTEMS,271.432,USD,,,Edgar Tristan,09/01/2025,,
RP99225,#N/D,,APPLIED BIOSYSTEMS,271.432,USD,,,Edgar Tristan,09/01/2025,,
RP99226,#N/D,,APPLIED BIOSYSTEMS,271.432,USD,,,Edgar Tristan,09/01/2025,,
RP99227,#N/D,,APPLIED BIOSYSTEMS,271.432,USD,,,Edgar Tristan,09/01/2025,,
RP99228,#N/D,,APPLIED BIOSYSTEMS,271.432,USD,,,Edgar Tristan,09/01/2025,,
RP99229,#N/D,,APPLIED BIOSYSTEMS,271.432,USD,,,Edgar Tristan,09/01/2025,,
RP99230,#N/D,,APPLIED BIOSYSTEMS,271.432,USD,,,Edgar Tristan,09/01/2025,,
RP99231,#N/D,,APPLIED BIOSYSTEMS,271.432,USD,,,Edgar Tristan,09/01/2025,,
RP99232,#N/D,,APPLIED BIOSYSTEMS,271.432,USD,,,Edgar Tristan,09/01/2025,,
RP99233,#N/D,,APPLIED BIOSYSTEMS,271.432,USD,,,Edgar Tristan,09/01/2025,,
RP99234,#N/D,,APPLIED BIOSYSTEMS,271.432,USD,,,Edgar Tristan,09/01/2025,,
RP99235,#N/D,,APPLIED BIOSYSTEMS,271.432,USD,,,Edgar Tristan,09/01/2025,,
RP99236,#N/D,,APPLIED BIOSYSTEMS,271.432,USD,,,Edgar Tristan,09/01/2025,,
RP99237,#N/D,,APPLIED BIOSYSTEMS,271.432,USD,,,Edgar Tristan,09/01/2025,,
RP99238,#N/D,,APPLIED BIOSYSTEMS,271.432,USD,,,Edgar Tristan,09/01/2025,,
RP99239,#N/D,,APPLIED BIOSYSTEMS,271.432,USD,,,Edgar Tristan,09/01/2025,,
RP99240,#N/D,,APPLIED BIOSYSTEMS,271.432,USD,,,Edgar Tristan,09/01/2025,,
RP99241,#N/D,,APPLIED BIOSYSTEMS,271.432,USD,,,Edgar Tristan,09/01/2025,,
RP99242,#N/D,,APPLIED BIOSYSTEMS,271.432,USD,,,Edgar Tristan,09/01/2025,,
RP99243,#N/D,,APPLIED BIOSYSTEMS,271.432,USD,,,Edgar Tristan,09/01/2025,,
RP99244,#N/D,,APPLIED BIOSYSTEMS,271.432,USD,,,Edgar Tristan,09/01/2025,,
RP99245,#N/D,,APPLIED BIOSYSTEMS,271.432,USD,,,Edgar Tristan,09/01/2025,,
RP99246,#N/D,,APPLIED BIOSYSTEMS,271.432,USD,,,Edgar Tristan,09/01/2025,,
RP99247,#N/D,,APPLIED BIOSYSTEMS,271.432,USD,,,Edgar Tristan,09/01/2025,,
RP99248,#N/D,,APPLIED BIOSYSTEMS,271.432,USD,,,Edgar Tristan,09/01/2025,,
RP99249,#N/D,,APPLIED BIOSYSTEMS,271.432,USD,,,Edgar Tristan,09/01/2025,,
RP99250,#N/D,,APPLIED BIOSYSTEMS,271.432,USD,,,Edgar Tristan,09/01/2025,,
RP99251,#N/D,,APPLIED BIOSYSTEMS,271.432,USD,,,Edgar Tristan,09/01/2025,,
RP99252,#N/D,,APPLIED BIOSYSTEMS,271.432,USD,,,Edgar Tristan,09/01/2025,,
RP99253,#N/D,,APPLIED BIOSYSTEMS,271.432,USD,,,Edgar Tristan,09/01/2025,,
RP99254,#N/D,,APPLIED BIOSYSTEMS,271.432,USD,,,Edgar Tristan,09/01/2025,,
RP99255,#N/D,,APPLIED BIOSYSTEMS,271.432,USD,,,Edgar Tristan,09/01/2025,,
RP99256,#N/D,,APPLIED BIOSYSTEMS,271.432,USD,,,Edgar Tristan,09/01/2025,,
RP99257,#N/D,,APPLIED BIOSYSTEMS,271.432,USD,,,Edgar Tristan,09/01/2025,,
RP99258,#N/D,,APPLIED BIOSYSTEMS,271.432,USD,,,Edgar Tristan,09/01/2025,,
RP99259,#N/D,,APPLIED BIOSYSTEMS,271.432,USD,,,Edgar Tristan,09/01/2025,,
RP99260,#N/D,,APPLIED BIOSYSTEMS,271.432,USD,,,Edgar Tristan,09/01/2025,,
RP99261,#N/D,,APPLIED BIOSYSTEMS,271.432,USD,,,Edgar Tristan,09/01/2025,,
RP99262,#N/D,,APPLIED BIOSYSTEMS,271.432,USD,,,Edgar Tristan,09/01/2025,,
RP99263,#N/D,,APPLIED BIOSYSTEMS,271.432,USD,,,Edgar Tristan,09/01/2025,,
RP99264,#N/D,,APPLIED BIOSYSTEMS,271.432,USD,,,Edgar Tristan,09/01/2025,,
RP99265,#N/D,,APPLIED BIOSYSTEMS,271.432,USD,,,Edgar Tristan,09/01/2025,,
RP99266,#N/D,,APPLIED BIOSYSTEMS,271.432,USD,,,Edgar Tristan,09/01/2025,,
RP99267,#N/D,,APPLIED BIOSYSTEMS,271.432,USD,,,Edgar Tristan,09/01/2025,,
RP99268,#N/D,,APPLIED BIOSYSTEMS,271.432,USD,,,Edgar Tristan,09/01/2025,,
RP99269,#N/D,,APPLIED BIOSYSTEMS,271.432,USD,,,Edgar Tristan,09/01/2025,,
RP99270,#N/D,,APPLIED BIOSYSTEMS,271.432,USD,,,Edgar Tristan,09/01/2025,,
RP99271,#N/D,,APPLIED BIOSYSTEMS,271.432,USD,,,Edgar Tristan,09/01/2025,,
RP99272,#N/D,,APPLIED BIOSYSTEMS,271.432,USD,,,Edgar Tristan,09/01/2025,,
RP99273,#N/D,,APPLIED BIOSYSTEMS,271.432,USD,,,Edgar Tristan,09/01/2025,,
RP99274,#N/D,,APPLIED BIOSYSTEMS,271.432,USD,,,Edgar Tristan,09/01/2025,,
RP99275,#N/D,,APPLIED BIOSYSTEMS,271.432,USD,,,Edgar Tristan,09/01/2025,,
RP99276,#N/D,,APPLIED BIOSYSTEMS,271.432,USD,,,Edgar Tristan,09/01/2025,,
RP99277,#N/D,,APPLIED BIOSYSTEMS,271.432,USD,,,Edgar Tristan,09/01/2025,,
RP99278,#N/D,,APPLIED BIOSYSTEMS,271.432,USD,,,Edgar Tristan,09/01/2025,,
RP99279,#N/D,,APPLIED BIOSYSTEMS,271.432,USD,,,Edgar Tristan,09/01/2025,,
RP99280,#N/D,,APPLIED BIOSYSTEMS,271.432,USD,,,Edgar Tristan,09/01/2025,,
RP99281,#N/D,,APPLIED BIOSYSTEMS,271.432,USD,,,Edgar Tristan,09/01/2025,,
RP99282,#N/D,,APPLIED BIOSYSTEMS,271.432,USD,,,Edgar Tristan,09/01/2025,,
RP99283,#N/D,,APPLIED BIOSYSTEMS,271.432,USD,,,Edgar Tristan,09/01/2025,,
RP99284,#N/D,,APPLIED BIOSYSTEMS,271.432,USD,,,Edgar Tristan,09/01/2025,,
RP99285,#N/D,,APPLIED BIOSYSTEMS,271.432,USD,,,Edgar Tristan,09/01/2025,,
RP99286,#N/D,,APPLIED BIOSYSTEMS,271.432,USD,,,Edgar Tristan,09/01/2025,,
RP99287,#N/D,,APPLIED BIOSYSTEMS,271.432,USD,,,Edgar Tristan,09/01/2025,,
RP99288,#N/D,,APPLIED BIOSYSTEMS,271.432,USD,,,Edgar Tristan,09/01/2025,,
RP99289,#N/D,,APPLIED BIOSYSTEMS,271.432,USD,,,Edgar Tristan,09/01/2025,,
RP99290,#N/D,,APPLIED BIOSYSTEMS,271.432,USD,,,Edgar Tristan,09/01/2025,,
RP99291,#N/D,,APPLIED BIOSYSTEMS,271.432,USD,,,Edgar Tristan,09/01/2025,,
RP99292,#N/D,,APPLIED BIOSYSTEMS,271.432,USD,,,Edgar Tristan,09/01/2025,,
RP99293,#N/D,,APPLIED BIOSYSTEMS,271.432,USD,,,Edgar Tristan,09/01/2025,,
RP99294,#N/D,,APPLIED BIOSYSTEMS,271.432,USD,,,Edgar Tristan,09/01/2025,,
RP99295,#N/D,,APPLIED BIOSYSTEMS,271.432,USD,,,Edgar Tristan,09/01/2025,,
RP99296,#N/D,,APPLIED BIOSYSTEMS,271.432,USD,,,Edgar Tristan,09/01/2025,,
RP99297,#N/D,,APPLIED BIOSYSTEMS,271.432,USD,,,Edgar Tristan,09/01/2025,,
RP99298,#N/D,,APPLIED BIOSYSTEMS,271.432,USD,,,Edgar Tristan,09/01/2025,,
RP99299,#N/D,,APPLIED BIOSYSTEMS,271.432,USD,,,Edgar Tristan,09/01/2025,,
RP99300,#N/D,,APPLIED BIOSYSTEMS,271.432,USD,,,Edgar Tristan,09/01/2025,,
RP99301,#N/D,,APPLIED BIOSYSTEMS,271.432,USD,,,Edgar Tristan,09/01/2025,,
RP99302,#N/D,,APPLIED BIOSYSTEMS,271.432,USD,,,Edgar Tristan,09/01/2025,,
RP99303,#N/D,,APPLIED BIOSYSTEMS,271.432,USD,,,Edgar Tristan,09/01/2025,,
RP99304,#N/D,,APPLIED BIOSYSTEMS,271.432,USD,,,Edgar Tristan,09/01/2025,,
RP99305,#N/D,,APPLIED BIOSYSTEMS,271.432,USD,,,Edgar Tristan,09/01/2025,,
RP99306,#N/D,,APPLIED BIOSYSTEMS,271.432,USD,,,Edgar Tristan,09/01/2025,,
RP99307,#N/D,,APPLIED BIOSYSTEMS,271.432,USD,,,Edgar Tristan,09/01/2025,,
RP99308,#N/D,,APPLIED BIOSYSTEMS,271.432,USD,,,Edgar Tristan,09/01/2025,,
RP99309,#N/D,,APPLIED BIOSYSTEMS,271.432,USD,,,Edgar Tristan,09/01/2025,,
RP99310,#N/D,,APPLIED BIOSYSTEMS,271.432,USD,,,Edgar Tristan,09/01/2025,,
RP99311,#N/D,,APPLIED BIOSYSTEMS,271.432,USD,,,Edgar Tristan,09/01/2025,,
RP99312,#N/D,,APPLIED BIOSYSTEMS,271.432,USD,,,Edgar Tristan,09/01/2025,,
RP99313,#N/D,,APPLIED BIOSYSTEMS,271.432,USD,,,Edgar Tristan,09/01/2025,,
RP99314,#N/D,,APPLIED BIOSYSTEMS,271.432,USD,,,Edgar Tristan,09/01/2025,,
RP99315,#N/D,,APPLIED BIOSYSTEMS,271.432,USD,,,Edgar Tristan,09/01/2025,,
RP99316,#N/D,,APPLIED BIOSYSTEMS,271.432,USD,,,Edgar Tristan,09/01/2025,,
RP99317,#N/D,,APPLIED BIOSYSTEMS,271.432,USD,,,Edgar Tristan,09/01/2025,,
RP99318,#N/D,,APPLIED BIOSYSTEMS,271.432,USD,,,Edgar Tristan,09/01/2025,,
RP99319,#N/D,,APPLIED BIOSYSTEMS,271.432,USD,,,Edgar Tristan,09/01/2025,,
RP99320,#N/D,,APPLIED BIOSYSTEMS,271.432,USD,,,Edgar Tristan,09/01/2025,,
RP99321,#N/D,,APPLIED BIOSYSTEMS,271.432,USD,,,Edgar Tristan,09/01/2025,,
RP99322,#N/D,,APPLIED BIOSYSTEMS,271.432,USD,,,Edgar Tristan,09/01/2025,,
RP99323,#N/D,,APPLIED BIOSYSTEMS,271.432,USD,,,Edgar Tristan,09/01/2025,,
RP99324,#N/D,,APPLIED BIOSYSTEMS,271.432,USD,,,Edgar Tristan,09/01/2025,,
RP99325,#N/D,,APPLIED BIOSYSTEMS,271.432,USD,,,Edgar Tristan,09/01/2025,,
RP99326,#N/D,,APPLIED BIOSYSTEMS,271.432,USD,,,Edgar Tristan,09/01/2025,,
RP99327,#N/D,,APPLIED BIOSYSTEMS,271.432,USD,,,Edgar Tristan,09/01/2025,,
RP99328,#N/D,,APPLIED BIOSYSTEMS,271.432,USD,,,Edgar Tristan,09/01/2025,,
RP99329,#N/D,,APPLIED BIOSYSTEMS,271.432,USD,,,Edgar Tristan,09/01/2025,,
RP99330,#N/D,,APPLIED BIOSYSTEMS,271.432,USD,,,Edgar Tristan,09/01/2025,,
RP99331,#N/D,,APPLIED BIOSYSTEMS,271.432,USD,,,Edgar Tristan,09/01/2025,,
RP99332,#N/D,,APPLIED BIOSYSTEMS,271.432,USD,,,Edgar Tristan,09/01/2025,,
RP99333,#N/D,,APPLIED BIOSYSTEMS,271.432,USD,,,Edgar Tristan,09/01/2025,,
RP99334,#N/D,,APPLIED BIOSYSTEMS,271.432,USD,,,Edgar Tristan,09/01/2025,,
RP99335,#N/D,,APPLIED BIOSYSTEMS,271.432,USD,,,Edgar Tristan,09/01/2025,,
RP99336,#N/D,,APPLIED BIOSYSTEMS,271.432,USD,,,Edgar Tristan,09/01/2025,,
RP99337,#N/D,,APPLIED BIOSYSTEMS,271.432,USD,,,Edgar Tristan,09/01/2025,,
RP99338,#N/D,,APPLIED BIOSYSTEMS,271.432,USD,,,Edgar Tristan,09/01/2025,,
RP99339,#N/D,,APPLIED BIOSYSTEMS,271.432,USD,,,Edgar Tristan,09/01/2025,,
RP99340,#N/D,,APPLIED BIOSYSTEMS,271.432,USD,,,Edgar Tristan,09/01/2025,,
RP99341,#N/D,,APPLIED BIOSYSTEMS,271.432,USD,,,Edgar Tristan,09/01/2025,,
RP99342,#N/D,,APPLIED BIOSYSTEMS,271.432,USD,,,Edgar Tristan,09/01/2025,,
RP99343,#N/D,,APPLIED BIOSYSTEMS,271.432,USD,,,Edgar Tristan,09/01/2025,,
RP99344,#N/D,,APPLIED BIOSYSTEMS,271.432,USD,,,Edgar Tristan,09/01/2025,,
RP99345,#N/D,,APPLIED BIOSYSTEMS,271.432,USD,,,Edgar Tristan,09/01/2025,,
RP99346,#N/D,,APPLIED BIOSYSTEMS,271.432,USD,,,Edgar Tristan,09/01/2025,,
RP99347,#N/D,,APPLIED BIOSYSTEMS,271.432,USD,,,Edgar Tristan,09/01/2025,,
RP99348,#N/D,,APPLIED BIOSYSTEMS,271.432,USD,,,Edgar Tristan,09/01/2025,,
RP99349,#N/D,,APPLIED BIOSYSTEMS,271.432,USD,,,Edgar Tristan,09/01/2025,,
RP99350,#N/D,,APPLIED BIOSYSTEMS,271.432,USD,,,Edgar Tristan,09/01/2025,,
RP99351,#N/D,,APPLIED BIOSYSTEMS,271.432,USD,,,Edgar Tristan,09/01/2025,,
RP99352,#N/D,,APPLIED BIOSYSTEMS,271.432,USD,,,Edgar Tristan,09/01/2025,,
RP99353,#N/D,,APPLIED BIOSYSTEMS,271.432,USD,,,Edgar Tristan,09/01/2025,,
RP99354,#N/D,,APPLIED BIOSYSTEMS,271.432,USD,,,Edgar Tristan,09/01/2025,,
RP99355,#N/D,,APPLIED BIOSYSTEMS,271.432,USD,,,Edgar Tristan,09/01/2025,,
RP99356,#N/D,,APPLIED BIOSYSTEMS,271.432,USD,,,Edgar Tristan,09/01/2025,,
RP99357,#N/D,,APPLIED BIOSYSTEMS,271.432,USD,,,Edgar Tristan,09/01/2025,,
RP99358,#N/D,,APPLIED BIOSYSTEMS,271.432,USD,,,Edgar Tristan,09/01/2025,,
RP99359,#N/D,,APPLIED BIOSYSTEMS,271.432,USD,,,Edgar Tristan,09/01/2025,,
RP99360,#N/D,,APPLIED BIOSYSTEMS,271.432,USD,,,Edgar Tristan,09/01/2025,,
RP99361,#N/D,,APPLIED BIOSYSTEMS,271.432,USD,,,Edgar Tristan,09/01/2025,,
RP99362,#N/D,,APPLIED BIOSYSTEMS,271.432,USD,,,Edgar Tristan,09/01/2025,,
RP99363,#N/D,,APPLIED BIOSYSTEMS,271.432,USD,,,Edgar Tristan,09/01/2025,,
RP99364,#N/D,,APPLIED BIOSYSTEMS,271.432,USD,,,Edgar Tristan,09/01/2025,,
RP99365,#N/D,,APPLIED BIOSYSTEMS,271.432,USD,,,Edgar Tristan,09/01/2025,,
RP99366,#N/D,,APPLIED BIOSYSTEMS,271.432,USD,,,Edgar Tristan,09/01/2025,,
RP99367,#N/D,,APPLIED BIOSYSTEMS,271.432,USD,,,Edgar Tristan,09/01/2025,,
RP99368,#N/D,,APPLIED BIOSYSTEMS,271.432,USD,,,Edgar Tristan,09/01/2025,,
RP99369,#N/D,,APPLIED BIOSYSTEMS,271.432,USD,,,Edgar Tristan,09/01/2025,,
RP99370,#N/D,,APPLIED BIOSYSTEMS,271.432,USD,,,Edgar Tristan,09/01/2025,,
RP99371,#N/D,,APPLIED BIOSYSTEMS,271.432,USD,,,Edgar Tristan,09/01/2025,,
RP99372,#N/D,,APPLIED BIOSYSTEMS,271.432,USD,,,Edgar Tristan,09/01/2025,,
RP99373,#N/D,,APPLIED BIOSYSTEMS,271.432,USD,,,Edgar Tristan,09/01/2025,,
RP99374,#N/D,,APPLIED BIOSYSTEMS,271.432,USD,,,Edgar Tristan,09/01/2025,,
RP99375,#N/D,,APPLIED BIOSYSTEMS,271.432,USD,,,Edgar Tristan,09/01/2025,,
RP99376,#N/D,,APPLIED BIOSYSTEMS,271.432,USD,,,Edgar Tristan,09/01/2025,,
RP99377,#N/D,,APPLIED BIOSYSTEMS,271.432,USD,,,Edgar Tristan,09/01/2025,,
RP99378,#N/D,,APPLIED BIOSYSTEMS,271.432,USD,,,Edgar Tristan,09/01/2025,,
RP99379,#N/D,,APPLIED BIOSYSTEMS,271.432,USD,,,Edgar Tristan,09/01/2025,,
RP99380,#N/D,,APPLIED BIOSYSTEMS,271.432,USD,,,Edgar Tristan,09/01/2025,,
RP99381,#N/D,,APPLIED BIOSYSTEMS,271.432,USD,,,Edgar Tristan,09/01/2025,,
RP99382,#N/D,,APPLIED BIOSYSTEMS,271.432,USD,,,Edgar Tristan,09/01/2025,,
RP99383,#N/D,,APPLIED BIOSYSTEMS,271.432,USD,,,Edgar Tristan,09/01/2025,,
RP99384,#N/D,,APPLIED BIOSYSTEMS,271.432,USD,,,Edgar Tristan,09/01/2025,,
RP99385,#N/D,,APPLIED BIOSYSTEMS,271.432,USD,,,Edgar Tristan,09/01/2025,,
RP99386,#N/D,,APPLIED BIOSYSTEMS,271.432,USD,,,Edgar Tristan,09/01/2025,,
RP99387,#N/D,,APPLIED BIOSYSTEMS,271.432,USD,,,Edgar Tristan,09/01/2025,,
RP99388,#N/D,,APPLIED BIOSYSTEMS,271.432,USD,,,Edgar Tristan,09/01/2025,,
RP99389,#N/D,,APPLIED BIOSYSTEMS,271.432,USD,,,Edgar Tristan,09/01/2025,,
RP99390,#N/D,,APPLIED BIOSYSTEMS,271.432,USD,,,Edgar Tristan,09/01/2025,,
RP99391,#N/D,,APPLIED BIOSYSTEMS,271.432,USD,,,Edgar Tristan,09/01/2025,,
RP99392,#N/D,,APPLIED BIOSYSTEMS,271.432,USD,,,Edgar Tristan,09/01/2025,,
RP99393,#N/D,,APPLIED BIOSYSTEMS,271.432,USD,,,Edgar Tristan,09/01/2025,,
RP99394,#N/D,,APPLIED BIOSYSTEMS,271.432,USD,,,Edgar Tristan,09/01/2025,,
RP99395,#N/D,,APPLIED BIOSYSTEMS,271.432,USD,,,Edgar Tristan,09/01/2025,,
RP99396,#N/D,,APPLIED BIOSYSTEMS,271.432,USD,,,Edgar Tristan,09/01/2025,,
RP99397,#N/D,,APPLIED BIOSYSTEMS,271.432,USD,,,Edgar Tristan,09/01/2025,,
RP99398,#N/D,,APPLIED BIOSYSTEMS,271.432,USD,,,Edgar Tristan,09/01/2025,,
RP99399,#N/D,,APPLIED BIOSYSTEMS,271.432,USD,,,Edgar Tristan,09/01/2025,,
RP99400,#N/D,,APPLIED BIOSYSTEMS,271.432,USD,,,Edgar Tristan,09/01/2025,,
RP99401,#N/D,,APPLIED BIOSYSTEMS,271.432,USD,,,Edgar Tristan,09/01/2025,,
RP99402,#N/D,,APPLIED BIOSYSTEMS,271.432,USD,,,Edgar Tristan,09/01/2025,,
RP99403,#N/D,,APPLIED BIOSYSTEMS,271.432,USD,,,Edgar Tristan,09/01/2025,,
RP99404,#N/D,,APPLIED BIOSYSTEMS,271.432,USD,,,Edgar Tristan,09/01/2025,,
RP99405,#N/D,,APPLIED BIOSYSTEMS,271.432,USD,,,Edgar Tristan,09/01/2025,,
RP99406,#N/D,,APPLIED BIOSYSTEMS,271.432,USD,,,Edgar Tristan,09/01/2025,,
RP99407,#N/D,,APPLIED BIOSYSTEMS,271.432,USD,,,Edgar Tristan,09/01/2025,,
RP99408,#N/D,,APPLIED BIOSYSTEMS,271.432,USD,,,Edgar Tristan,09/01/2025,,
RP99409,#N/D,,APPLIED BIOSYSTEMS,271.432,USD,,,Edgar Tristan,09/01/2025,,
RP99410,#N/D,,APPLIED BIOSYSTEMS,271.432,USD,,,Edgar Tristan,09/01/2025,,
RP99411,#N/D,,APPLIED BIOSYSTEMS,271.432,USD,,,Edgar Tristan,09/01/2025,,
RP99412,#N/D,,APPLIED BIOSYSTEMS,271.432,USD,,,Edgar Tristan,09/01/2025,,
RP99413,#N/D,,APPLIED BIOSYSTEMS,271.432,USD,,,Edgar Tristan,09/01/2025,,
RP99414,#N/D,,APPLIED BIOSYSTEMS,271.432,USD,,,Edgar Tristan,09/01/2025,,
RP99415,#N/D,,APPLIED BIOSYSTEMS,271.432,USD,,,Edgar Tristan,09/01/2025,,
RP99416,#N/D,,APPLIED BIOSYSTEMS,271.432,USD,,,Edgar Tristan,09/01/2025,,
RP99417,#N/D,,APPLIED BIOSYSTEMS,271.432,USD,,,Edgar Tristan,09/01/2025,,
RP99418,#N/D,,APPLIED BIOSYSTEMS,271.432,USD,,,Edgar Tristan,09/01/2025,,
RP99419,#N/D,,APPLIED BIOSYSTEMS,271.432,USD,,,Edgar Tristan,09/01/2025,,
RP99420,#N/D,,APPLIED BIOSYSTEMS,271.432,USD,,,Edgar Tristan,09/01/2025,,
RP99421,#N/D,,APPLIED BIOSYSTEMS,271.432,USD,,,Edgar Tristan,09/01/2025,,
RP99422,#N/D,,APPLIED BIOSYSTEMS,271.432,USD,,,Edgar Tristan,09/01/2025,,
RP99423,#N/D,,APPLIED BIOSYSTEMS,271.432,USD,,,Edgar Tristan,09/01/2025,,
RP99424,#N/D,,APPLIED BIOSYSTEMS,271.432,USD,,,Edgar Tristan,09/01/2025,,
RP99425,#N/D,,APPLIED BIOSYSTEMS,271.432,USD,,,Edgar Tristan,09/01/2025,,
RP99426,#N/D,,APPLIED BIOSYSTEMS,271.432,USD,,,Edgar Tristan,09/01/2025,,
RP99427,#N/D,,APPLIED BIOSYSTEMS,271.432,USD,,,Edgar Tristan,09/01/2025,,
RP99428,#N/D,,APPLIED BIOSYSTEMS,271.432,USD,,,Edgar Tristan,09/01/2025,,
RP99429,#N/D,,APPLIED BIOSYSTEMS,271.432,USD,,,Edgar Tristan,09/01/2025,,
RP99430,#N/D,,APPLIED BIOSYSTEMS,271.432,USD,,,Edgar Tristan,09/01/2025,,
RP99431,#N/D,,APPLIED BIOSYSTEMS,271.432,USD,,,Edgar Tristan,09/01/2025,,
RP99432,#N/D,,APPLIED BIOSYSTEMS,271.432,USD,,,Edgar Tristan,09/01/2025,,
RP99433,#N/D,,APPLIED BIOSYSTEMS,271.432,USD,,,Edgar Tristan,09/01/2025,,
RP99434,#N/D,,APPLIED BIOSYSTEMS,271.432,USD,,,Edgar Tristan,09/01/2025,,
RP99435,#N/D,,APPLIED BIOSYSTEMS,271.432,USD,,,Edgar Tristan,09/01/2025,,
RP99436,#N/D,,APPLIED BIOSYSTEMS,271.432,USD,,,Edgar Tristan,09/01/2025,,
RP99437,#N/D,,APPLIED BIOSYSTEMS,271.432,USD,,,Edgar Tristan,09/01/2025,,
RP99438,#N/D,,APPLIED BIOSYSTEMS,271.432,USD,,,Edgar Tristan,09/01/2025,,
RP99439,#N/D,,APPLIED BIOSYSTEMS,271.432,USD,,,Edgar Tristan,09/01/2025,,
RP99440,#N/D,,APPLIED BIOSYSTEMS,271.432,USD,,,Edgar Tristan,09/01/2025,,
RP99441,#N/D,,APPLIED BIOSYSTEMS,271.432,USD,,,Edgar Tristan,09/01/2025,,
RP99442,#N/D,,APPLIED BIOSYSTEMS,271.432,USD,,,Edgar Tristan,09/01/2025,,
RP99443,#N/D,,APPLIED BIOSYSTEMS,271.432,USD,,,Edgar Tristan,09/01/2025,,
RP99444,#N/D,,APPLIED BIOSYSTEMS,271.432,USD,,,Edgar Tristan,09/01/2025,,
RP99445,#N/D,,APPLIED BIOSYSTEMS,271.432,USD,,,Edgar Tristan,09/01/2025,,
RP99446,#N/D,,APPLIED BIOSYSTEMS,271.432,USD,,,Edgar Tristan,09/01/2025,,
RP99447,#N/D,,APPLIED BIOSYSTEMS,271.432,USD,,,Edgar Tristan,09/01/2025,,
RP99448,#N/D,,APPLIED BIOSYSTEMS,271.432,USD,,,Edgar Tristan,09/01/2025,,
RP99449,#N/D,,APPLIED BIOSYSTEMS,271.432,USD,,,Edgar Tristan,09/01/2025,,
RP99450,#N/D,,APPLIED BIOSYSTEMS,271.432,USD,,,Edgar Tristan,09/01/2025,,
RP99451,#N/D,,APPLIED BIOSYSTEMS,271.432,USD,,,Edgar Tristan,09/01/2025,,
RP99452,#N/D,,APPLIED BIOSYSTEMS,271.432,USD,,,Edgar Tristan,09/01/2025,,
RP99453,#N/D,,APPLIED BIOSYSTEMS,271.432,USD,,,Edgar Tristan,09/01/2025,,
RP99454,#N/D,,APPLIED BIOSYSTEMS,271.432,USD,,,Edgar Tristan,09/01/2025,,
RP99455,#N/D,,APPLIED BIOSYSTEMS,271.432,USD,,,Edgar Tristan,09/01/2025,,
RP99456,#N/D,,APPLIED BIOSYSTEMS,271.432,USD,,,Edgar Tristan,09/01/2025,,
RP99457,#N/D,,APPLIED BIOSYSTEMS,271.432,USD,,,Edgar Tristan,09/01/2025,,
RP99458,#N/D,,APPLIED BIOSYSTEMS,271.432,USD,,,Edgar Tristan,09/01/2025,,
RP99459,#N/D,,APPLIED BIOSYSTEMS,271.432,USD,,,Edgar Tristan,09/01/2025,,
RP99460,#N/D,,APPLIED BIOSYSTEMS,271.432,USD,,,Edgar Tristan,09/01/2025,,
RP99461,#N/D,,APPLIED BIOSYSTEMS,271.432,USD,,,Edgar Tristan,09/01/2025,,
RP99462,#N/D,,APPLIED BIOSYSTEMS,271.432,USD,,,Edgar Tristan,09/01/2025,,
RP99463,#N/D,,APPLIED BIOSYSTEMS,271.432,USD,,,Edgar Tristan,09/01/2025,,
RP99464,#N/D,,APPLIED BIOSYSTEMS,271.432,USD,,,Edgar Tristan,09/01/2025,,
RP99465,#N/D,,APPLIED BIOSYSTEMS,271.432,USD,,,Edgar Tristan,09/01/2025,,
RP99466,#N/D,,APPLIED BIOSYSTEMS,271.432,USD,,,Edgar Tristan,09/01/2025,,
RP99467,#N/D,,APPLIED BIOSYSTEMS,271.432,USD,,,Edgar Tristan,09/01/2025,,
RP99468,#N/D,,APPLIED BIOSYSTEMS,271.432,USD,,,Edgar Tristan,09/01/2025,,
RP99469,#N/D,,APPLIED BIOSYSTEMS,271.432,USD,,,Edgar Tristan,09/01/2025,,
RP99470,#N/D,,APPLIED BIOSYSTEMS,271.432,USD,,,Edgar Tristan,09/01/2025,,
RP99471,#N/D,,APPLIED BIOSYSTEMS,271.432,USD,,,Edgar Tristan,09/01/2025,,
RP99472,#N/D,,APPLIED BIOSYSTEMS,271.432,USD,,,Edgar Tristan,09/01/2025,,
RP99473,#N/D,,APPLIED BIOSYSTEMS,271.432,USD,,,Edgar Tristan,09/01/2025,,
RP99474,#N/D,,APPLIED BIOSYSTEMS,271.432,USD,,,Edgar Tristan,09/01/2025,,
RP99475,#N/D,,APPLIED BIOSYSTEMS,271.432,USD,,,Edgar Tristan,09/01/2025,,
RP99476,#N/D,,APPLIED BIOSYSTEMS,271.432,USD,,,Edgar Tristan,09/01/2025,,
RP99477,#N/D,,APPLIED BIOSYSTEMS,271.432,USD,,,Edgar Tristan,09/01/2025,,
RP99478,#N/D,,APPLIED BIOSYSTEMS,271.432,USD,,,Edgar Tristan,09/01/2025,,
RP99479,#N/D,,APPLIED BIOSYSTEMS,271.432,USD,,,Edgar Tristan,09/01/2025,,
RP99480,#N/D,,APPLIED BIOSYSTEMS,271.432,USD,,,Edgar Tristan,09/01/2025,,
RP99481,#N/D,,APPLIED BIOSYSTEMS,271.432,USD,,,Edgar Tristan,09/01/2025,,
RP99482,#N/D,,APPLIED BIOSYSTEMS,271.432,USD,,,Edgar Tristan,09/01/2025,,
RP99483,#N/D,,APPLIED BIOSYSTEMS,271.432,USD,,,Edgar Tristan,09/01/2025,,
RP99484,#N/D,,APPLIED BIOSYSTEMS,271.432,USD,,,Edgar Tristan,09/01/2025,,
RP99485,#N/D,,APPLIED BIOSYSTEMS,271.432,USD,,,Edgar Tristan,09/01/2025,,
RP99487,#N/D,,APPLIED BIOSYSTEMS,271.432,USD,,,Edgar Tristan,09/01/2025,,
RP99488,#N/D,,APPLIED BIOSYSTEMS,271.432,USD,,,Edgar Tristan,09/01/2025,,
RP99489,#N/D,,APPLIED BIOSYSTEMS,271.432,USD,,,Edgar Tristan,09/01/2025,,
RP99490,#N/D,,APPLIED BIOSYSTEMS,271.432,USD,,,Edgar Tristan,09/01/2025,,
RP99491,#N/D,,APPLIED BIOSYSTEMS,271.432,USD,,,Edgar Tristan,09/01/2025,,
RP99492,#N/D,,APPLIED BIOSYSTEMS,271.432,USD,,,Edgar Tristan,09/01/2025,,
RP99494,#N/D,,APPLIED BIOSYSTEMS,271.432,USD,,,Edgar Tristan,09/01/2025,,
RP99495,#N/D,,APPLIED BIOSYSTEMS,271.432,USD,,,Edgar Tristan,09/01/2025,,
RP99496,#N/D,,APPLIED BIOSYSTEMS,271.432,USD,,,Edgar Tristan,09/01/2025,,
RP99497,#N/D,,APPLIED BIOSYSTEMS,271.432,USD,,,Edgar Tristan,09/01/2025,,
RP99498,#N/D,,APPLIED BIOSYSTEMS,271.432,USD,,,Edgar Tristan,09/01/2025,,
RP99499,#N/D,,APPLIED BIOSYSTEMS,271.432,USD,,,Edgar Tristan,09/01/2025,,
RP99501,#N/D,,APPLIED BIOSYSTEMS,271.432,USD,,,Edgar Tristan,09/01/2025,,
RP99502,#N/D,,APPLIED BIOSYSTEMS,271.432,USD,,,Edgar Tristan,09/01/2025,,
RP99503,#N/D,,APPLIED BIOSYSTEMS,271.432,USD,,,Edgar Tristan,09/01/2025,,
RP99504,#N/D,,APPLIED BIOSYSTEMS,271.432,USD,,,Edgar Tristan,09/01/2025,,
RP99505,#N/D,,APPLIED BIOSYSTEMS,271.432,USD,,,Edgar Tristan,09/01/2025,,
RP99506,#N/D,,APPLIED BIOSYSTEMS,271.432,USD,,,Edgar Tristan,09/01/2025,,
RP99507,#N/D,,APPLIED BIOSYSTEMS,271.432,USD,,,Edgar Tristan,09/01/2025,,
RP99508,#N/D,,APPLIED BIOSYSTEMS,271.432,USD,,,Edgar Tristan,09/01/2025,,
RP99509,#N/D,,APPLIED BIOSYSTEMS,271.432,USD,,,Edgar Tristan,09/01/2025,,
RP99510,#N/D,,APPLIED BIOSYSTEMS,271.432,USD,,,Edgar Tristan,09/01/2025,,
RP99511,#N/D,,APPLIED BIOSYSTEMS,271.432,USD,,,Edgar Tristan,09/01/2025,,
RP99512,#N/D,,APPLIED BIOSYSTEMS,271.432,USD,,,Edgar Tristan,09/01/2025,,
RP99513,#N/D,,APPLIED BIOSYSTEMS,271.432,USD,,,Edgar Tristan,09/01/2025,,
RP99514,#N/D,,APPLIED BIOSYSTEMS,271.432,USD,,,Edgar Tristan,09/01/2025,,
RP99515,#N/D,,APPLIED BIOSYSTEMS,271.432,USD,,,Edgar Tristan,09/01/2025,,
RP99516,#N/D,,APPLIED BIOSYSTEMS,271.432,USD,,,Edgar Tristan,09/01/2025,,
RP99517,#N/D,,APPLIED BIOSYSTEMS,271.432,USD,,,Edgar Tristan,09/01/2025,,
RP99518,#N/D,,APPLIED BIOSYSTEMS,271.432,USD,,,Edgar Tristan,09/01/2025,,
RP99520,#N/D,,APPLIED BIOSYSTEMS,271.432,USD,,,Edgar Tristan,09/01/2025,,
RP99521,#N/D,,APPLIED BIOSYSTEMS,271.432,USD,,,Edgar Tristan,09/01/2025,,
RP99522,#N/D,,APPLIED BIOSYSTEMS,271.432,USD,,,Edgar Tristan,09/01/2025,,
RP99523,#N/D,,APPLIED BIOSYSTEMS,271.432,USD,,,Edgar Tristan,09/01/2025,,
RP99524,#N/D,,APPLIED BIOSYSTEMS,271.432,USD,,,Edgar Tristan,09/01/2025,,
RP99526,#N/D,,APPLIED BIOSYSTEMS,271.432,USD,,,Edgar Tristan,09/01/2025,,
RP99528,#N/D,,APPLIED BIOSYSTEMS,271.432,USD,,,Edgar Tristan,09/01/2025,,
RP99529,#N/D,,APPLIED BIOSYSTEMS,271.432,USD,,,Edgar Tristan,09/01/2025,,
RP99532,#N/D,,APPLIED BIOSYSTEMS,271.432,USD,,,Edgar Tristan,09/01/2025,,
RP99534,#N/D,,APPLIED BIOSYSTEMS,271.432,USD,,,Edgar Tristan,09/01/2025,,
RP99535,#N/D,,APPLIED BIOSYSTEMS,271.432,USD,,,Edgar Tristan,09/01/2025,,
RP99536,#N/D,,APPLIED BIOSYSTEMS,271.432,USD,,,Edgar Tristan,09/01/2025,,
RP99537,#N/D,,APPLIED BIOSYSTEMS,271.432,USD,,,Edgar Tristan,09/01/2025,,
RP99538,#N/D,,APPLIED BIOSYSTEMS,271.432,USD,,,Edgar Tristan,09/01/2025,,
RP99539,#N/D,,APPLIED BIOSYSTEMS,271.432,USD,,,Edgar Tristan,09/01/2025,,
RP99540,#N/D,,APPLIED BIOSYSTEMS,271.432,USD,,,Edgar Tristan,09/01/2025,,
RP99541,#N/D,,APPLIED BIOSYSTEMS,271.432,USD,,,Edgar Tristan,09/01/2025,,
RP99542,#N/D,,APPLIED BIOSYSTEMS,271.432,USD,,,Edgar Tristan,09/01/2025,,
RP99543,#N/D,,APPLIED BIOSYSTEMS,271.432,USD,,,Edgar Tristan,09/01/2025,,
RP99544,#N/D,,APPLIED BIOSYSTEMS,271.432,USD,,,Edgar Tristan,09/01/2025,,
RP99546,#N/D,,APPLIED BIOSYSTEMS,271.432,USD,,,Edgar Tristan,09/01/2025,,
RP99547,#N/D,,APPLIED BIOSYSTEMS,271.432,USD,,,Edgar Tristan,09/01/2025,,
RP99548,#N/D,,APPLIED BIOSYSTEMS,271.432,USD,,,Edgar Tristan,09/01/2025,,
RP99549,#N/D,,APPLIED BIOSYSTEMS,271.432,USD,,,Edgar Tristan,09/01/2025,,
RP99550,#N/D,,APPLIED BIOSYSTEMS,271.432,USD,,,Edgar Tristan,09/01/2025,,
RP99551,#N/D,,APPLIED BIOSYSTEMS,271.432,USD,,,Edgar Tristan,09/01/2025,,
RP99552,#N/D,,APPLIED BIOSYSTEMS,271.432,USD,,,Edgar Tristan,09/01/2025,,
RP99553,#N/D,,APPLIED BIOSYSTEMS,271.432,USD,,,Edgar Tristan,09/01/2025,,
RP99554,#N/D,,APPLIED BIOSYSTEMS,271.432,USD,,,Edgar Tristan,09/01/2025,,
RP99555,#N/D,,APPLIED BIOSYSTEMS,271.432,USD,,,Edgar Tristan,09/01/2025,,
RP99556,#N/D,,APPLIED BIOSYSTEMS,271.432,USD,,,Edgar Tristan,09/01/2025,,
RP99557,#N/D,,APPLIED BIOSYSTEMS,271.432,USD,,,Edgar Tristan,09/01/2025,,
RP99558,#N/D,,APPLIED BIOSYSTEMS,271.432,USD,,,Edgar Tristan,09/01/2025,,
RP99559,#N/D,,APPLIED BIOSYSTEMS,271.432,USD,,,Edgar Tristan,09/01/2025,,
RP99560,#N/D,,APPLIED BIOSYSTEMS,271.432,USD,,,Edgar Tristan,09/01/2025,,
RP99561,#N/D,,APPLIED BIOSYSTEMS,271.432,USD,,,Edgar Tristan,09/01/2025,,
RP99562,#N/D,,APPLIED BIOSYSTEMS,271.432,USD,,,Edgar Tristan,09/01/2025,,
RP99563,#N/D,,APPLIED BIOSYSTEMS,271.432,USD,,,Edgar Tristan,09/01/2025,,
RP99564,#N/D,,APPLIED BIOSYSTEMS,271.432,USD,,,Edgar Tristan,09/01/2025,,
RP99565,#N/D,,APPLIED BIOSYSTEMS,271.432,USD,,,Edgar Tristan,09/01/2025,,
RP99566,#N/D,,APPLIED BIOSYSTEMS,271.432,USD,,,Edgar Tristan,09/01/2025,,
RP99567,#N/D,,APPLIED BIOSYSTEMS,271.432,USD,,,Edgar Tristan,09/01/2025,,
RP99568,#N/D,,APPLIED BIOSYSTEMS,271.432,USD,,,Edgar Tristan,09/01/2025,,
RP99569,#N/D,,APPLIED BIOSYSTEMS,271.432,USD,,,Edgar Tristan,09/01/2025,,
RP99571,#N/D,,APPLIED BIOSYSTEMS,271.432,USD,,,Edgar Tristan,09/01/2025,,
RP99572,#N/D,,APPLIED BIOSYSTEMS,271.432,USD,,,Edgar Tristan,09/01/2025,,
RP99573,#N/D,,APPLIED BIOSYSTEMS,271.432,USD,,,Edgar Tristan,09/01/2025,,
RP99574,#N/D,,APPLIED BIOSYSTEMS,271.432,USD,,,Edgar Tristan,09/01/2025,,
RP99575,#N/D,,APPLIED BIOSYSTEMS,271.432,USD,,,Edgar Tristan,09/01/2025,,
RP99576,#N/D,,APPLIED BIOSYSTEMS,271.432,USD,,,Edgar Tristan,09/01/2025,,
RP99577,#N/D,,APPLIED BIOSYSTEMS,271.432,USD,,,Edgar Tristan,09/01/2025,,
RP99579,#N/D,,APPLIED BIOSYSTEMS,271.432,USD,,,Edgar Tristan,09/01/2025,,
RP99580,#N/D,,APPLIED BIOSYSTEMS,271.432,USD,,,Edgar Tristan,09/01/2025,,
RP99581,#N/D,,APPLIED BIOSYSTEMS,271.432,USD,,,Edgar Tristan,09/01/2025,,
RP99582,#N/D,,APPLIED BIOSYSTEMS,271.432,USD,,,Edgar Tristan,09/01/2025,,
RP99584,#N/D,,APPLIED BIOSYSTEMS,271.432,USD,,,Edgar Tristan,09/01/2025,,
RP99585,#N/D,,APPLIED BIOSYSTEMS,271.432,USD,,,Edgar Tristan,09/01/2025,,
RP99586,#N/D,,APPLIED BIOSYSTEMS,271.432,USD,,,Edgar Tristan,09/01/2025,,
RP99587,#N/D,,APPLIED BIOSYSTEMS,271.432,USD,,,Edgar Tristan,09/01/2025,,
RP99589,#N/D,,APPLIED BIOSYSTEMS,271.432,USD,,,Edgar Tristan,09/01/2025,,
RP99590,#N/D,,APPLIED BIOSYSTEMS,271.432,USD,,,Edgar Tristan,09/01/2025,,
RP99591,#N/D,,APPLIED BIOSYSTEMS,271.432,USD,,,Edgar Tristan,09/01/2025,,
RP99592,#N/D,,APPLIED BIOSYSTEMS,271.432,USD,,,Edgar Tristan,09/01/2025,,
RP99593,#N/D,,APPLIED BIOSYSTEMS,271.432,USD,,,Edgar Tristan,09/01/2025,,
RP99594,#N/D,,APPLIED BIOSYSTEMS,271.432,USD,,,Edgar Tristan,09/01/2025,,
RP99595,#N/D,,APPLIED BIOSYSTEMS,271.432,USD,,,Edgar Tristan,09/01/2025,,
RP99596,#N/D,,APPLIED BIOSYSTEMS,271.432,USD,,,Edgar Tristan,09/01/2025,,
RP99597,#N/D,,APPLIED BIOSYSTEMS,271.432,USD,,,Edgar Tristan,09/01/2025,,
RP99598,#N/D,,APPLIED BIOSYSTEMS,271.432,USD,,,Edgar Tristan,09/01/2025,,
RP99599,#N/D,,APPLIED BIOSYSTEMS,271.432,USD,,,Edgar Tristan,09/01/2025,,
RP99600,#N/D,,APPLIED BIOSYSTEMS,271.432,USD,,,Edgar Tristan,09/01/2025,,
RP99601,#N/D,,APPLIED BIOSYSTEMS,271.432,USD,,,Edgar Tristan,09/01/2025,,
RP99602,#N/D,,APPLIED BIOSYSTEMS,271.432,USD,,,Edgar Tristan,09/01/2025,,
RP99603,#N/D,,APPLIED BIOSYSTEMS,271.432,USD,,,Edgar Tristan,09/01/2025,,
RP99604,#N/D,,APPLIED BIOSYSTEMS,271.432,USD,,,Edgar Tristan,09/01/2025,,
RP99605,#N/D,,APPLIED BIOSYSTEMS,271.432,USD,,,Edgar Tristan,09/01/2025,,
RP99606,#N/D,,APPLIED BIOSYSTEMS,271.432,USD,,,Edgar Tristan,09/01/2025,,
RP99607,#N/D,,APPLIED BIOSYSTEMS,271.432,USD,,,Edgar Tristan,09/01/2025,,
RP99608,#N/D,,APPLIED BIOSYSTEMS,271.432,USD,,,Edgar Tristan,09/01/2025,,
RP99609,#N/D,,APPLIED BIOSYSTEMS,271.432,USD,,,Edgar Tristan,09/01/2025,,
RP99610,#N/D,,APPLIED BIOSYSTEMS,271.432,USD,,,Edgar Tristan,09/01/2025,,
RP99611,#N/D,,APPLIED BIOSYSTEMS,271.432,USD,,,Edgar Tristan,09/01/2025,,
RP99612,#N/D,,APPLIED BIOSYSTEMS,271.432,USD,,,Edgar Tristan,09/01/2025,,
RP99613,#N/D,,APPLIED BIOSYSTEMS,271.432,USD,,,Edgar Tristan,09/01/2025,,
RP99614,#N/D,,APPLIED BIOSYSTEMS,271.432,USD,,,Edgar Tristan,09/01/2025,,
RP99615,#N/D,,APPLIED BIOSYSTEMS,271.432,USD,,,Edgar Tristan,09/01/2025,,
RP99616,#N/D,,APPLIED BIOSYSTEMS,271.432,USD,,,Edgar Tristan,09/01/2025,,
RP99617,#N/D,,APPLIED BIOSYSTEMS,271.432,USD,,,Edgar Tristan,09/01/2025,,
RP99618,#N/D,,APPLIED BIOSYSTEMS,271.432,USD,,,Edgar Tristan,09/01/2025,,
RP99619,#N/D,,APPLIED BIOSYSTEMS,271.432,USD,,,Edgar Tristan,09/01/2025,,
RP99620,#N/D,,APPLIED BIOSYSTEMS,271.432,USD,,,Edgar Tristan,09/01/2025,,
RP99621,#N/D,,APPLIED BIOSYSTEMS,271.432,USD,,,Edgar Tristan,09/01/2025,,
RP99622,#N/D,,APPLIED BIOSYSTEMS,271.432,USD,,,Edgar Tristan,09/01/2025,,
RP99623,#N/D,,APPLIED BIOSYSTEMS,271.432,USD,,,Edgar Tristan,09/01/2025,,
RP99624,#N/D,,APPLIED BIOSYSTEMS,271.432,USD,,,Edgar Tristan,09/01/2025,,
RP99625,#N/D,,APPLIED BIOSYSTEMS,271.432,USD,,,Edgar Tristan,09/01/2025,,
RP99626,#N/D,,APPLIED BIOSYSTEMS,271.432,USD,,,Edgar Tristan,09/01/2025,,
RP99627,#N/D,,APPLIED BIOSYSTEMS,271.432,USD,,,Edgar Tristan,09/01/2025,,
RP99628,#N/D,,APPLIED BIOSYSTEMS,271.432,USD,,,Edgar Tristan,09/01/2025,,
RP99629,#N/D,,APPLIED BIOSYSTEMS,271.432,USD,,,Edgar Tristan,09/01/2025,,
RP99630,#N/D,,APPLIED BIOSYSTEMS,271.432,USD,,,Edgar Tristan,09/01/2025,,
RP99631,#N/D,,APPLIED BIOSYSTEMS,271.432,USD,,,Edgar Tristan,09/01/2025,,
RP99632,#N/D,,APPLIED BIOSYSTEMS,271.432,USD,,,Edgar Tristan,09/01/2025,,
RP99633,#N/D,,APPLIED BIOSYSTEMS,271.432,USD,,,Edgar Tristan,09/01/2025,,
RP99634,#N/D,,APPLIED BIOSYSTEMS,271.432,USD,,,Edgar Tristan,09/01/2025,,
RP99635,#N/D,,APPLIED BIOSYSTEMS,271.432,USD,,,Edgar Tristan,09/01/2025,,
RP99636,#N/D,,APPLIED BIOSYSTEMS,271.432,USD,,,Edgar Tristan,09/01/2025,,
RP99637,#N/D,,APPLIED BIOSYSTEMS,271.432,USD,,,Edgar Tristan,09/01/2025,,
RP99638,#N/D,,APPLIED BIOSYSTEMS,271.432,USD,,,Edgar Tristan,09/01/2025,,
RP99639,#N/D,,APPLIED BIOSYSTEMS,271.432,USD,,,Edgar Tristan,09/01/2025,,
RP99640,#N/D,,APPLIED BIOSYSTEMS,271.432,USD,,,Edgar Tristan,09/01/2025,,
RP99641,#N/D,,APPLIED BIOSYSTEMS,271.432,USD,,,Edgar Tristan,09/01/2025,,
RP99642,#N/D,,APPLIED BIOSYSTEMS,271.432,USD,,,Edgar Tristan,09/01/2025,,
RP99643,#N/D,,APPLIED BIOSYSTEMS,271.432,USD,,,Edgar Tristan,09/01/2025,,
RP99644,#N/D,,APPLIED BIOSYSTEMS,271.432,USD,,,Edgar Tristan,09/01/2025,,
RP99645,#N/D,,APPLIED BIOSYSTEMS,271.432,USD,,,Edgar Tristan,09/01/2025,,
RP99646,#N/D,,APPLIED BIOSYSTEMS,271.432,USD,,,Edgar Tristan,09/01/2025,,
RP99647,#N/D,,APPLIED BIOSYSTEMS,271.432,USD,,,Edgar Tristan,09/01/2025,,
RP99648,#N/D,,APPLIED BIOSYSTEMS,271.432,USD,,,Edgar Tristan,09/01/2025,,
RP99649,#N/D,,APPLIED BIOSYSTEMS,271.432,USD,,,Edgar Tristan,09/01/2025,,
RP99650,#N/D,,APPLIED BIOSYSTEMS,271.432,USD,,,Edgar Tristan,09/01/2025,,
RP99651,#N/D,,APPLIED BIOSYSTEMS,271.432,USD,,,Edgar Tristan,09/01/2025,,
RP99652,#N/D,,APPLIED BIOSYSTEMS,271.432,USD,,,Edgar Tristan,09/01/2025,,
RP99653,#N/D,,APPLIED BIOSYSTEMS,271.432,USD,,,Edgar Tristan,09/01/2025,,
RP99654,#N/D,,APPLIED BIOSYSTEMS,271.432,USD,,,Edgar Tristan,09/01/2025,,
RP99655,#N/D,,APPLIED BIOSYSTEMS,271.432,USD,,,Edgar Tristan,09/01/2025,,
RP99656,#N/D,,APPLIED BIOSYSTEMS,271.432,USD,,,Edgar Tristan,09/01/2025,,
RP99657,#N/D,,APPLIED BIOSYSTEMS,271.432,USD,,,Edgar Tristan,09/01/2025,,
RP99658,#N/D,,APPLIED BIOSYSTEMS,271.432,USD,,,Edgar Tristan,09/01/2025,,
RP99659,#N/D,,APPLIED BIOSYSTEMS,271.432,USD,,,Edgar Tristan,09/01/2025,,
RP99660,#N/D,,APPLIED BIOSYSTEMS,271.432,USD,,,Edgar Tristan,09/01/2025,,
RP99661,#N/D,,APPLIED BIOSYSTEMS,271.432,USD,,,Edgar Tristan,09/01/2025,,
RP99662,#N/D,,APPLIED BIOSYSTEMS,271.432,USD,,,Edgar Tristan,09/01/2025,,
RP99663,#N/D,,APPLIED BIOSYSTEMS,271.432,USD,,,Edgar Tristan,09/01/2025,,
RP99664,#N/D,,APPLIED BIOSYSTEMS,271.432,USD,,,Edgar Tristan,09/01/2025,,
RP99665,#N/D,,APPLIED BIOSYSTEMS,271.432,USD,,,Edgar Tristan,09/01/2025,,
RP99666,#N/D,,APPLIED BIOSYSTEMS,271.432,USD,,,Edgar Tristan,09/01/2025,,
RP99667,#N/D,,APPLIED BIOSYSTEMS,271.432,USD,,,Edgar Tristan,09/01/2025,,
RP99668,#N/D,,APPLIED BIOSYSTEMS,271.432,USD,,,Edgar Tristan,09/01/2025,,
RP99669,#N/D,,APPLIED BIOSYSTEMS,271.432,USD,,,Edgar Tristan,09/01/2025,,
RP99670,#N/D,,APPLIED BIOSYSTEMS,271.432,USD,,,Edgar Tristan,09/01/2025,,
RP99671,#N/D,,APPLIED BIOSYSTEMS,271.432,USD,,,Edgar Tristan,09/01/2025,,
RP99672,#N/D,,APPLIED BIOSYSTEMS,271.432,USD,,,Edgar Tristan,09/01/2025,,
RP99673,#N/D,,APPLIED BIOSYSTEMS,271.432,USD,,,Edgar Tristan,09/01/2025,,
RP99674,#N/D,,APPLIED BIOSYSTEMS,271.432,USD,,,Edgar Tristan,09/01/2025,,
RP99675,#N/D,,APPLIED BIOSYSTEMS,271.432,USD,,,Edgar Tristan,09/01/2025,,
RP99676,#N/D,,APPLIED BIOSYSTEMS,271.432,USD,,,Edgar Tristan,09/01/2025,,
RP99677,#N/D,,APPLIED BIOSYSTEMS,271.432,USD,,,Edgar Tristan,09/01/2025,,
RP99678,#N/D,,APPLIED BIOSYSTEMS,271.432,USD,,,Edgar Tristan,09/01/2025,,
RP99679,#N/D,,APPLIED BIOSYSTEMS,271.432,USD,,,Edgar Tristan,09/01/2025,,
RP99680,#N/D,,APPLIED BIOSYSTEMS,271.432,USD,,,Edgar Tristan,09/01/2025,,
RP99681,#N/D,,APPLIED BIOSYSTEMS,271.432,USD,,,Edgar Tristan,09/01/2025,,
RP99682,#N/D,,APPLIED BIOSYSTEMS,271.432,USD,,,Edgar Tristan,09/01/2025,,
RP99683,#N/D,,APPLIED BIOSYSTEMS,271.432,USD,,,Edgar Tristan,09/01/2025,,
RP99684,#N/D,,APPLIED BIOSYSTEMS,271.432,USD,,,Edgar Tristan,09/01/2025,,
RP99685,#N/D,,APPLIED BIOSYSTEMS,271.432,USD,,,Edgar Tristan,09/01/2025,,
RP99686,#N/D,,APPLIED BIOSYSTEMS,271.432,USD,,,Edgar Tristan,09/01/2025,,
RP99687,#N/D,,APPLIED BIOSYSTEMS,271.432,USD,,,Edgar Tristan,09/01/2025,,
RP99688,#N/D,,APPLIED BIOSYSTEMS,271.432,USD,,,Edgar Tristan,09/01/2025,,
RP99689,#N/D,,APPLIED BIOSYSTEMS,271.432,USD,,,Edgar Tristan,09/01/2025,,
RP99690,#N/D,,APPLIED BIOSYSTEMS,271.432,USD,,,Edgar Tristan,09/01/2025,,
RP99691,#N/D,,APPLIED BIOSYSTEMS,271.432,USD,,,Edgar Tristan,09/01/2025,,
RP99692,#N/D,,APPLIED BIOSYSTEMS,271.432,USD,,,Edgar Tristan,09/01/2025,,
RP99693,#N/D,,APPLIED BIOSYSTEMS,271.432,USD,,,Edgar Tristan,09/01/2025,,
RP99694,#N/D,,APPLIED BIOSYSTEMS,271.432,USD,,,Edgar Tristan,09/01/2025,,
RP99695,#N/D,,APPLIED BIOSYSTEMS,271.432,USD,,,Edgar Tristan,09/01/2025,,
RP99696,#N/D,,APPLIED BIOSYSTEMS,271.432,USD,,,Edgar Tristan,09/01/2025,,
RP99697,#N/D,,APPLIED BIOSYSTEMS,271.432,USD,,,Edgar Tristan,09/01/2025,,
RP99698,#N/D,,APPLIED BIOSYSTEMS,271.432,USD,,,Edgar Tristan,09/01/2025,,
RP99699,#N/D,,APPLIED BIOSYSTEMS,271.432,USD,,,Edgar Tristan,09/01/2025,,
RP99700,#N/D,,APPLIED BIOSYSTEMS,271.432,USD,,,Edgar Tristan,09/01/2025,,
RP99701,#N/D,,APPLIED BIOSYSTEMS,271.432,USD,,,Edgar Tristan,09/01/2025,,
RP99702,#N/D,,APPLIED BIOSYSTEMS,271.432,USD,,,Edgar Tristan,09/01/2025,,
RP99703,#N/D,,APPLIED BIOSYSTEMS,271.432,USD,,,Edgar Tristan,09/01/2025,,
RP99704,#N/D,,APPLIED BIOSYSTEMS,271.432,USD,,,Edgar Tristan,09/01/2025,,
RP99705,#N/D,,APPLIED BIOSYSTEMS,271.432,USD,,,Edgar Tristan,09/01/2025,,
RP99706,#N/D,,APPLIED BIOSYSTEMS,271.432,USD,,,Edgar Tristan,09/01/2025,,
RP99707,#N/D,,APPLIED BIOSYSTEMS,271.432,USD,,,Edgar Tristan,09/01/2025,,
RP99708,#N/D,,APPLIED BIOSYSTEMS,271.432,USD,,,Edgar Tristan,09/01/2025,,
RP99709,#N/D,,APPLIED BIOSYSTEMS,271.432,USD,,,Edgar Tristan,09/01/2025,,
RP99710,#N/D,,APPLIED BIOSYSTEMS,271.432,USD,,,Edgar Tristan,09/01/2025,,
RP99711,#N/D,,APPLIED BIOSYSTEMS,271.432,USD,,,Edgar Tristan,09/01/2025,,
RP99712,#N/D,,APPLIED BIOSYSTEMS,271.432,USD,,,Edgar Tristan,09/01/2025,,
RP99713,#N/D,,APPLIED BIOSYSTEMS,271.432,USD,,,Edgar Tristan,09/01/2025,,
RP99714,#N/D,,APPLIED BIOSYSTEMS,271.432,USD,,,Edgar Tristan,09/01/2025,,
RP99715,#N/D,,APPLIED BIOSYSTEMS,271.432,USD,,,Edgar Tristan,09/01/2025,,
RP99716,#N/D,,APPLIED BIOSYSTEMS,271.432,USD,,,Edgar Tristan,09/01/2025,,
RP99717,#N/D,,APPLIED BIOSYSTEMS,271.432,USD,,,Edgar Tristan,09/01/2025,,
RP99718,#N/D,,APPLIED BIOSYSTEMS,271.432,USD,,,Edgar Tristan,09/01/2025,,
RP99719,#N/D,,APPLIED BIOSYSTEMS,271.432,USD,,,Edgar Tristan,09/01/2025,,
RP99720,#N/D,,APPLIED BIOSYSTEMS,271.432,USD,,,Edgar Tristan,09/01/2025,,
RP99721,#N/D,,APPLIED BIOSYSTEMS,271.432,USD,,,Edgar Tristan,09/01/2025,,
RP99722,#N/D,,APPLIED BIOSYSTEMS,271.432,USD,,,Edgar Tristan,09/01/2025,,
RP99723,#N/D,,APPLIED BIOSYSTEMS,271.432,USD,,,Edgar Tristan,09/01/2025,,
RP99724,#N/D,,APPLIED BIOSYSTEMS,271.432,USD,,,Edgar Tristan,09/01/2025,,
RP99725,#N/D,,APPLIED BIOSYSTEMS,271.432,USD,,,Edgar Tristan,09/01/2025,,
RP99726,#N/D,,APPLIED BIOSYSTEMS,271.432,USD,,,Edgar Tristan,09/01/2025,,
RP99727,#N/D,,APPLIED BIOSYSTEMS,271.432,USD,,,Edgar Tristan,09/01/2025,,
RP99728,#N/D,,APPLIED BIOSYSTEMS,271.432,USD,,,Edgar Tristan,09/01/2025,,
RP99729,#N/D,,APPLIED BIOSYSTEMS,271.432,USD,,,Edgar Tristan,09/01/2025,,
RP99730,#N/D,,APPLIED BIOSYSTEMS,271.432,USD,,,Edgar Tristan,09/01/2025,,
RP99731,#N/D,,APPLIED BIOSYSTEMS,271.432,USD,,,Edgar Tristan,09/01/2025,,
RP99732,#N/D,,APPLIED BIOSYSTEMS,271.432,USD,,,Edgar Tristan,09/01/2025,,
RP99733,#N/D,,APPLIED BIOSYSTEMS,271.432,USD,,,Edgar Tristan,09/01/2025,,
RP99734,#N/D,,APPLIED BIOSYSTEMS,271.432,USD,,,Edgar Tristan,09/01/2025,,
RP99735,#N/D,,APPLIED BIOSYSTEMS,271.432,USD,,,Edgar Tristan,09/01/2025,,
RP99736,#N/D,,APPLIED BIOSYSTEMS,271.432,USD,,,Edgar Tristan,09/01/2025,,
RP99737,#N/D,,APPLIED BIOSYSTEMS,271.432,USD,,,Edgar Tristan,09/01/2025,,
RP99738,#N/D,,APPLIED BIOSYSTEMS,271.432,USD,,,Edgar Tristan,09/01/2025,,
RP99739,#N/D,,APPLIED BIOSYSTEMS,271.432,USD,,,Edgar Tristan,09/01/2025,,
RP99740,#N/D,,APPLIED BIOSYSTEMS,271.432,USD,,,Edgar Tristan,09/01/2025,,
RP99741,#N/D,,APPLIED BIOSYSTEMS,271.432,USD,,,Edgar Tristan,09/01/2025,,
RP99742,#N/D,,APPLIED BIOSYSTEMS,271.432,USD,,,Edgar Tristan,09/01/2025,,
RP99743,#N/D,,APPLIED BIOSYSTEMS,271.432,USD,,,Edgar Tristan,09/01/2025,,
RP99744,#N/D,,APPLIED BIOSYSTEMS,271.432,USD,,,Edgar Tristan,09/01/2025,,
RP99745,#N/D,,APPLIED BIOSYSTEMS,271.432,USD,,,Edgar Tristan,09/01/2025,,
RP99746,#N/D,,APPLIED BIOSYSTEMS,271.432,USD,,,Edgar Tristan,09/01/2025,,
RP99747,#N/D,,APPLIED BIOSYSTEMS,271.432,USD,,,Edgar Tristan,09/01/2025,,
RP99748,#N/D,,APPLIED BIOSYSTEMS,271.432,USD,,,Edgar Tristan,09/01/2025,,
RP99749,#N/D,,APPLIED BIOSYSTEMS,271.432,USD,,,Edgar Tristan,09/01/2025,,
RP99750,#N/D,,APPLIED BIOSYSTEMS,271.432,USD,,,Edgar Tristan,09/01/2025,,
RP99751,#N/D,,APPLIED BIOSYSTEMS,271.432,USD,,,Edgar Tristan,09/01/2025,,
RP99752,#N/D,,APPLIED BIOSYSTEMS,271.432,USD,,,Edgar Tristan,09/01/2025,,
RP99753,#N/D,,APPLIED BIOSYSTEMS,271.432,USD,,,Edgar Tristan,09/01/2025,,
RP99754,#N/D,,APPLIED BIOSYSTEMS,271.432,USD,,,Edgar Tristan,09/01/2025,,
RP99755,#N/D,,APPLIED BIOSYSTEMS,271.432,USD,,,Edgar Tristan,09/01/2025,,
RP99756,#N/D,,APPLIED BIOSYSTEMS,271.432,USD,,,Edgar Tristan,09/01/2025,,
RP99757,#N/D,,APPLIED BIOSYSTEMS,271.432,USD,,,Edgar Tristan,09/01/2025,,
RP99758,#N/D,,APPLIED BIOSYSTEMS,271.432,USD,,,Edgar Tristan,09/01/2025,,
RP99759,#N/D,,APPLIED BIOSYSTEMS,271.432,USD,,,Edgar Tristan,09/01/2025,,
RP99760,#N/D,,APPLIED BIOSYSTEMS,271.432,USD,,,Edgar Tristan,09/01/2025,,
RP99761,#N/D,,APPLIED BIOSYSTEMS,271.432,USD,,,Edgar Tristan,09/01/2025,,
RP99762,#N/D,,APPLIED BIOSYSTEMS,271.432,USD,,,Edgar Tristan,09/01/2025,,
RP99763,#N/D,,APPLIED BIOSYSTEMS,271.432,USD,,,Edgar Tristan,09/01/2025,,
RP99764,#N/D,,APPLIED BIOSYSTEMS,271.432,USD,,,Edgar Tristan,09/01/2025,,
RP99765,#N/D,,APPLIED BIOSYSTEMS,271.432,USD,,,Edgar Tristan,09/01/2025,,
RP99766,#N/D,,APPLIED BIOSYSTEMS,271.432,USD,,,Edgar Tristan,09/01/2025,,
RP99767,#N/D,,APPLIED BIOSYSTEMS,271.432,USD,,,Edgar Tristan,09/01/2025,,
RP99768,#N/D,,APPLIED BIOSYSTEMS,271.432,USD,,,Edgar Tristan,09/01/2025,,
RP99769,#N/D,,APPLIED BIOSYSTEMS,271.432,USD,,,Edgar Tristan,09/01/2025,,
RP99770,#N/D,,APPLIED BIOSYSTEMS,271.432,USD,,,Edgar Tristan,09/01/2025,,
RP99771,#N/D,,APPLIED BIOSYSTEMS,271.432,USD,,,Edgar Tristan,09/01/2025,,
RP99772,#N/D,,APPLIED BIOSYSTEMS,271.432,USD,,,Edgar Tristan,09/01/2025,,
RP99773,#N/D,,APPLIED BIOSYSTEMS,271.432,USD,,,Edgar Tristan,09/01/2025,,
RP99774,#N/D,,APPLIED BIOSYSTEMS,271.432,USD,,,Edgar Tristan,09/01/2025,,
RP99775,#N/D,,APPLIED BIOSYSTEMS,271.432,USD,,,Edgar Tristan,09/01/2025,,
RP99776,#N/D,,APPLIED BIOSYSTEMS,271.432,USD,,,Edgar Tristan,09/01/2025,,
RP99777,#N/D,,APPLIED BIOSYSTEMS,271.432,USD,,,Edgar Tristan,09/01/2025,,
RP99778,#N/D,,APPLIED BIOSYSTEMS,271.432,USD,,,Edgar Tristan,09/01/2025,,
RP99779,#N/D,,APPLIED BIOSYSTEMS,271.432,USD,,,Edgar Tristan,09/01/2025,,
RP99780,#N/D,,APPLIED BIOSYSTEMS,271.432,USD,,,Edgar Tristan,09/01/2025,,
RP99781,#N/D,,APPLIED BIOSYSTEMS,271.432,USD,,,Edgar Tristan,09/01/2025,,
RP99782,#N/D,,APPLIED BIOSYSTEMS,271.432,USD,,,Edgar Tristan,09/01/2025,,
RP99783,#N/D,,APPLIED BIOSYSTEMS,271.432,USD,,,Edgar Tristan,09/01/2025,,
RP99784,#N/D,,APPLIED BIOSYSTEMS,271.432,USD,,,Edgar Tristan,09/01/2025,,
RP99785,#N/D,,APPLIED BIOSYSTEMS,271.432,USD,,,Edgar Tristan,09/01/2025,,
RP99786,#N/D,,APPLIED BIOSYSTEMS,271.432,USD,,,Edgar Tristan,09/01/2025,,
RP99787,#N/D,,APPLIED BIOSYSTEMS,271.432,USD,,,Edgar Tristan,09/01/2025,,
RP99788,#N/D,,APPLIED BIOSYSTEMS,271.432,USD,,,Edgar Tristan,09/01/2025,,
RP99789,#N/D,,APPLIED BIOSYSTEMS,271.432,USD,,,Edgar Tristan,09/01/2025,,
RP99790,#N/D,,APPLIED BIOSYSTEMS,271.432,USD,,,Edgar Tristan,09/01/2025,,
RP99791,#N/D,,APPLIED BIOSYSTEMS,271.432,USD,,,Edgar Tristan,09/01/2025,,
RP99792,#N/D,,APPLIED BIOSYSTEMS,271.432,USD,,,Edgar Tristan,09/01/2025,,
RP99793,#N/D,,APPLIED BIOSYSTEMS,271.432,USD,,,Edgar Tristan,09/01/2025,,
RP99794,#N/D,,APPLIED BIOSYSTEMS,271.432,USD,,,Edgar Tristan,09/01/2025,,
RP99795,#N/D,,APPLIED BIOSYSTEMS,271.432,USD,,,Edgar Tristan,09/01/2025,,
RP99796,#N/D,,APPLIED BIOSYSTEMS,271.432,USD,,,Edgar Tristan,09/01/2025,,
RP99797,#N/D,,APPLIED BIOSYSTEMS,271.432,USD,,,Edgar Tristan,09/01/2025,,
RP99798,#N/D,,APPLIED BIOSYSTEMS,271.432,USD,,,Edgar Tristan,09/01/2025,,
RP99799,#N/D,,APPLIED BIOSYSTEMS,271.432,USD,,,Edgar Tristan,09/01/2025,,
RP99800,#N/D,,APPLIED BIOSYSTEMS,271.432,USD,,,Edgar Tristan,09/01/2025,,
RP99801,#N/D,,APPLIED BIOSYSTEMS,271.432,USD,,,Edgar Tristan,09/01/2025,,
RP99802,#N/D,,APPLIED BIOSYSTEMS,271.432,USD,,,Edgar Tristan,09/01/2025,,
RP99803,#N/D,,APPLIED BIOSYSTEMS,271.432,USD,,,Edgar Tristan,09/01/2025,,
RP99804,#N/D,,APPLIED BIOSYSTEMS,271.432,USD,,,Edgar Tristan,09/01/2025,,
RP99805,#N/D,,APPLIED BIOSYSTEMS,271.432,USD,,,Edgar Tristan,09/01/2025,,
RP99806,#N/D,,APPLIED BIOSYSTEMS,271.432,USD,,,Edgar Tristan,09/01/2025,,
RP99807,#N/D,,APPLIED BIOSYSTEMS,271.432,USD,,,Edgar Tristan,09/01/2025,,
RP99808,#N/D,,APPLIED BIOSYSTEMS,271.432,USD,,,Edgar Tristan,09/01/2025,,
RP99809,#N/D,,APPLIED BIOSYSTEMS,271.432,USD,,,Edgar Tristan,09/01/2025,,
RP99810,#N/D,,APPLIED BIOSYSTEMS,271.432,USD,,,Edgar Tristan,09/01/2025,,
RP99811,#N/D,,APPLIED BIOSYSTEMS,271.432,USD,,,Edgar Tristan,09/01/2025,,
RP99812,#N/D,,APPLIED BIOSYSTEMS,271.432,USD,,,Edgar Tristan,09/01/2025,,
RP99813,#N/D,,APPLIED BIOSYSTEMS,271.432,USD,,,Edgar Tristan,09/01/2025,,
RP99814,#N/D,,APPLIED BIOSYSTEMS,271.432,USD,,,Edgar Tristan,09/01/2025,,
RP99815,#N/D,,APPLIED BIOSYSTEMS,271.432,USD,,,Edgar Tristan,09/01/2025,,
RP99816,#N/D,,APPLIED BIOSYSTEMS,271.432,USD,,,Edgar Tristan,09/01/2025,,
RP99817,#N/D,,APPLIED BIOSYSTEMS,271.432,USD,,,Edgar Tristan,09/01/2025,,
RP99818,#N/D,,APPLIED BIOSYSTEMS,271.432,USD,,,Edgar Tristan,09/01/2025,,
RP99819,#N/D,,APPLIED BIOSYSTEMS,271.432,USD,,,Edgar Tristan,09/01/2025,,
RP99820,#N/D,,APPLIED BIOSYSTEMS,271.432,USD,,,Edgar Tristan,09/01/2025,,
RP99821,#N/D,,APPLIED BIOSYSTEMS,271.432,USD,,,Edgar Tristan,09/01/2025,,
RP99822,#N/D,,APPLIED BIOSYSTEMS,271.432,USD,,,Edgar Tristan,09/01/2025,,
RP99823,#N/D,,APPLIED BIOSYSTEMS,271.432,USD,,,Edgar Tristan,09/01/2025,,
RP99824,#N/D,,APPLIED BIOSYSTEMS,271.432,USD,,,Edgar Tristan,09/01/2025,,
RP99825,#N/D,,APPLIED BIOSYSTEMS,271.432,USD,,,Edgar Tristan,09/01/2025,,
RP99826,#N/D,,APPLIED BIOSYSTEMS,271.432,USD,,,Edgar Tristan,09/01/2025,,
RP99827,#N/D,,APPLIED BIOSYSTEMS,271.432,USD,,,Edgar Tristan,09/01/2025,,
RP99828,#N/D,,APPLIED BIOSYSTEMS,271.432,USD,,,Edgar Tristan,09/01/2025,,
RP99829,#N/D,,APPLIED BIOSYSTEMS,271.432,USD,,,Edgar Tristan,09/01/2025,,
RP99830,#N/D,,APPLIED BIOSYSTEMS,271.432,USD,,,Edgar Tristan,09/01/2025,,
RP99831,#N/D,,APPLIED BIOSYSTEMS,271.432,USD,,,Edgar Tristan,09/01/2025,,
RP99832,#N/D,,APPLIED BIOSYSTEMS,271.432,USD,,,Edgar Tristan,09/01/2025,,
RP99833,#N/D,,APPLIED BIOSYSTEMS,271.432,USD,,,Edgar Tristan,09/01/2025,,
RP99834,#N/D,,APPLIED BIOSYSTEMS,271.432,USD,,,Edgar Tristan,09/01/2025,,
RP99835,#N/D,,APPLIED BIOSYSTEMS,271.432,USD,,,Edgar Tristan,09/01/2025,,
RP99836,#N/D,,APPLIED BIOSYSTEMS,271.432,USD,,,Edgar Tristan,09/01/2025,,
RP99837,#N/D,,APPLIED BIOSYSTEMS,271.432,USD,,,Edgar Tristan,09/01/2025,,
RP99838,#N/D,,APPLIED BIOSYSTEMS,271.432,USD,,,Edgar Tristan,09/01/2025,,
RP99839,#N/D,,APPLIED BIOSYSTEMS,271.432,USD,,,Edgar Tristan,09/01/2025,,
RP99840,#N/D,,APPLIED BIOSYSTEMS,271.432,USD,,,Edgar Tristan,09/01/2025,,
RP99841,#N/D,,APPLIED BIOSYSTEMS,271.432,USD,,,Edgar Tristan,09/01/2025,,
RP99842,#N/D,,APPLIED BIOSYSTEMS,271.432,USD,,,Edgar Tristan,09/01/2025,,
RP99843,#N/D,,APPLIED BIOSYSTEMS,271.432,USD,,,Edgar Tristan,09/01/2025,,
RP99844,#N/D,,APPLIED BIOSYSTEMS,271.432,USD,,,Edgar Tristan,09/01/2025,,
RP99845,#N/D,,APPLIED BIOSYSTEMS,271.432,USD,,,Edgar Tristan,09/01/2025,,
RP99846,#N/D,,APPLIED BIOSYSTEMS,271.432,USD,,,Edgar Tristan,09/01/2025,,
RP99847,#N/D,,APPLIED BIOSYSTEMS,271.432,USD,,,Edgar Tristan,09/01/2025,,
RP99848,#N/D,,APPLIED BIOSYSTEMS,271.432,USD,,,Edgar Tristan,09/01/2025,,
RP99849,#N/D,,APPLIED BIOSYSTEMS,271.432,USD,,,Edgar Tristan,09/01/2025,,
RP99850,#N/D,,APPLIED BIOSYSTEMS,271.432,USD,,,Edgar Tristan,09/01/2025,,
RP99851,#N/D,,APPLIED BIOSYSTEMS,271.432,USD,,,Edgar Tristan,09/01/2025,,
RP99852,#N/D,,APPLIED BIOSYSTEMS,271.432,USD,,,Edgar Tristan,09/01/2025,,
RP99853,#N/D,,APPLIED BIOSYSTEMS,271.432,USD,,,Edgar Tristan,09/01/2025,,
RP99854,#N/D,,APPLIED BIOSYSTEMS,271.432,USD,,,Edgar Tristan,09/01/2025,,
RP99855,#N/D,,APPLIED BIOSYSTEMS,271.432,USD,,,Edgar Tristan,09/01/2025,,
RP99856,#N/D,,APPLIED BIOSYSTEMS,271.432,USD,,,Edgar Tristan,09/01/2025,,
RP99857,#N/D,,APPLIED BIOSYSTEMS,271.432,USD,,,Edgar Tristan,09/01/2025,,
RP99858,#N/D,,APPLIED BIOSYSTEMS,271.432,USD,,,Edgar Tristan,09/01/2025,,
RP99859,#N/D,,APPLIED BIOSYSTEMS,271.432,USD,,,Edgar Tristan,09/01/2025,,
RP99860,#N/D,,APPLIED BIOSYSTEMS,271.432,USD,,,Edgar Tristan,09/01/2025,,
RP99861,#N/D,,APPLIED BIOSYSTEMS,271.432,USD,,,Edgar Tristan,09/01/2025,,
RP99862,#N/D,,APPLIED BIOSYSTEMS,271.432,USD,,,Edgar Tristan,09/01/2025,,
RP99863,#N/D,,APPLIED BIOSYSTEMS,271.432,USD,,,Edgar Tristan,09/01/2025,,
RP99864,#N/D,,APPLIED BIOSYSTEMS,271.432,USD,,,Edgar Tristan,09/01/2025,,
RP99865,#N/D,,APPLIED BIOSYSTEMS,271.432,USD,,,Edgar Tristan,09/01/2025,,
RP99866,#N/D,,APPLIED BIOSYSTEMS,271.432,USD,,,Edgar Tristan,09/01/2025,,
RP99867,#N/D,,APPLIED BIOSYSTEMS,271.432,USD,,,Edgar Tristan,09/01/2025,,
RP99868,#N/D,,APPLIED BIOSYSTEMS,271.432,USD,,,Edgar Tristan,09/01/2025,,
RP99869,#N/D,,APPLIED BIOSYSTEMS,271.432,USD,,,Edgar Tristan,09/01/2025,,
RP99870,#N/D,,APPLIED BIOSYSTEMS,271.432,USD,,,Edgar Tristan,09/01/2025,,
RP99871,#N/D,,APPLIED BIOSYSTEMS,271.432,USD,,,Edgar Tristan,09/01/2025,,
RP99872,#N/D,,APPLIED BIOSYSTEMS,271.432,USD,,,Edgar Tristan,09/01/2025,,
RP99873,#N/D,,APPLIED BIOSYSTEMS,271.432,USD,,,Edgar Tristan,09/01/2025,,
RP99874,#N/D,,APPLIED BIOSYSTEMS,271.432,USD,,,Edgar Tristan,09/01/2025,,
RP99875,#N/D,,APPLIED BIOSYSTEMS,271.432,USD,,,Edgar Tristan,09/01/2025,,
RP99876,#N/D,,APPLIED BIOSYSTEMS,271.432,USD,,,Edgar Tristan,09/01/2025,,
RP99877,#N/D,,APPLIED BIOSYSTEMS,271.432,USD,,,Edgar Tristan,09/01/2025,,
RP99878,#N/D,,APPLIED BIOSYSTEMS,271.432,USD,,,Edgar Tristan,09/01/2025,,
RP99879,#N/D,,APPLIED BIOSYSTEMS,271.432,USD,,,Edgar Tristan,09/01/2025,,
RP99880,#N/D,,APPLIED BIOSYSTEMS,271.432,USD,,,Edgar Tristan,09/01/2025,,
RP99881,#N/D,,APPLIED BIOSYSTEMS,271.432,USD,,,Edgar Tristan,09/01/2025,,
RP99882,#N/D,,APPLIED BIOSYSTEMS,271.432,USD,,,Edgar Tristan,09/01/2025,,
RP99883,#N/D,,APPLIED BIOSYSTEMS,271.432,USD,,,Edgar Tristan,09/01/2025,,
RP99884,#N/D,,APPLIED BIOSYSTEMS,271.432,USD,,,Edgar Tristan,09/01/2025,,
RP99885,#N/D,,APPLIED BIOSYSTEMS,271.432,USD,,,Edgar Tristan,09/01/2025,,
RP99886,#N/D,,APPLIED BIOSYSTEMS,271.432,USD,,,Edgar Tristan,09/01/2025,,
RP99887,#N/D,,APPLIED BIOSYSTEMS,271.432,USD,,,Edgar Tristan,09/01/2025,,
RP99888,#N/D,,APPLIED BIOSYSTEMS,271.432,USD,,,Edgar Tristan,09/01/2025,,
RP99889,#N/D,,APPLIED BIOSYSTEMS,271.432,USD,,,Edgar Tristan,09/01/2025,,
RP99890,#N/D,,APPLIED BIOSYSTEMS,271.432,USD,,,Edgar Tristan,09/01/2025,,
RP99891,#N/D,,APPLIED BIOSYSTEMS,271.432,USD,,,Edgar Tristan,09/01/2025,,
RP99892,#N/D,,APPLIED BIOSYSTEMS,271.432,USD,,,Edgar Tristan,09/01/2025,,
RP99893,#N/D,,APPLIED BIOSYSTEMS,271.432,USD,,,Edgar Tristan,09/01/2025,,
RP99894,#N/D,,APPLIED BIOSYSTEMS,271.432,USD,,,Edgar Tristan,09/01/2025,,
RP99895,#N/D,,APPLIED BIOSYSTEMS,271.432,USD,,,Edgar Tristan,09/01/2025,,
RP99896,#N/D,,APPLIED BIOSYSTEMS,271.432,USD,,,Edgar Tristan,09/01/2025,,
RP99897,#N/D,,APPLIED BIOSYSTEMS,271.432,USD,,,Edgar Tristan,09/01/2025,,
RP99898,#N/D,,APPLIED BIOSYSTEMS,271.432,USD,,,Edgar Tristan,09/01/2025,,
RP99899,#N/D,,APPLIED BIOSYSTEMS,271.432,USD,,,Edgar Tristan,09/01/2025,,
RP99900,#N/D,,APPLIED BIOSYSTEMS,271.432,USD,,,Edgar Tristan,09/01/2025,,
RP99901,#N/D,,APPLIED BIOSYSTEMS,271.432,USD,,,Edgar Tristan,09/01/2025,,
RP99902,#N/D,,APPLIED BIOSYSTEMS,271.432,USD,,,Edgar Tristan,09/01/2025,,
RP99903,#N/D,,APPLIED BIOSYSTEMS,271.432,USD,,,Edgar Tristan,09/01/2025,,
RP99904,#N/D,,APPLIED BIOSYSTEMS,271.432,USD,,,Edgar Tristan,09/01/2025,,
RP99905,#N/D,,APPLIED BIOSYSTEMS,271.432,USD,,,Edgar Tristan,09/01/2025,,
RP99906,#N/D,,APPLIED BIOSYSTEMS,271.432,USD,,,Edgar Tristan,09/01/2025,,
RP99907,#N/D,,APPLIED BIOSYSTEMS,271.432,USD,,,Edgar Tristan,09/01/2025,,
RP99908,#N/D,,APPLIED BIOSYSTEMS,271.432,USD,,,Edgar Tristan,09/01/2025,,
RP99909,#N/D,,APPLIED BIOSYSTEMS,271.432,USD,,,Edgar Tristan,09/01/2025,,
RP99910,#N/D,,APPLIED BIOSYSTEMS,271.432,USD,,,Edgar Tristan,09/01/2025,,
RP99911,#N/D,,APPLIED BIOSYSTEMS,271.432,USD,,,Edgar Tristan,09/01/2025,,
RP99912,#N/D,,APPLIED BIOSYSTEMS,271.432,USD,,,Edgar Tristan,09/01/2025,,
RP99913,#N/D,,APPLIED BIOSYSTEMS,271.432,USD,,,Edgar Tristan,09/01/2025,,
RP99914,#N/D,,APPLIED BIOSYSTEMS,271.432,USD,,,Edgar Tristan,09/01/2025,,
RP99915,#N/D,,APPLIED BIOSYSTEMS,271.432,USD,,,Edgar Tristan,09/01/2025,,
RP99916,#N/D,,APPLIED BIOSYSTEMS,271.432,USD,,,Edgar Tristan,09/01/2025,,
RP99917,#N/D,,APPLIED BIOSYSTEMS,271.432,USD,,,Edgar Tristan,09/01/2025,,
RP99918,#N/D,,APPLIED BIOSYSTEMS,271.432,USD,,,Edgar Tristan,09/01/2025,,
RP99919,#N/D,,APPLIED BIOSYSTEMS,271.432,USD,,,Edgar Tristan,09/01/2025,,
RP99920,#N/D,,APPLIED BIOSYSTEMS,271.432,USD,,,Edgar Tristan,09/01/2025,,
RP99921,#N/D,,APPLIED BIOSYSTEMS,271.432,USD,,,Edgar Tristan,09/01/2025,,
RP99922,#N/D,,APPLIED BIOSYSTEMS,271.432,USD,,,Edgar Tristan,09/01/2025,,
RP99923,#N/D,,APPLIED BIOSYSTEMS,271.432,USD,,,Edgar Tristan,09/01/2025,,
RP99924,#N/D,,APPLIED BIOSYSTEMS,271.432,USD,,,Edgar Tristan,09/01/2025,,
RP99925,#N/D,,APPLIED BIOSYSTEMS,271.432,USD,,,Edgar Tristan,09/01/2025,,
RP99926,#N/D,,APPLIED BIOSYSTEMS,271.432,USD,,,Edgar Tristan,09/01/2025,,
RP99927,#N/D,,APPLIED BIOSYSTEMS,271.432,USD,,,Edgar Tristan,09/01/2025,,
RP99928,#N/D,,APPLIED BIOSYSTEMS,271.432,USD,,,Edgar Tristan,09/01/2025,,
RP99929,#N/D,,APPLIED BIOSYSTEMS,271.432,USD,,,Edgar Tristan,09/01/2025,,
RP99930,#N/D,,APPLIED BIOSYSTEMS,271.432,USD,,,Edgar Tristan,09/01/2025,,
RP99931,#N/D,,APPLIED BIOSYSTEMS,271.432,USD,,,Edgar Tristan,09/01/2025,,
RP99932,#N/D,,APPLIED BIOSYSTEMS,271.432,USD,,,Edgar Tristan,09/01/2025,,
RP99933,#N/D,,APPLIED BIOSYSTEMS,271.432,USD,,,Edgar Tristan,09/01/2025,,
RP99934,#N/D,,APPLIED BIOSYSTEMS,271.432,USD,,,Edgar Tristan,09/01/2025,,
RP99935,#N/D,,APPLIED BIOSYSTEMS,271.432,USD,,,Edgar Tristan,09/01/2025,,
RP99936,#N/D,,APPLIED BIOSYSTEMS,271.432,USD,,,Edgar Tristan,09/01/2025,,
RP99937,#N/D,,APPLIED BIOSYSTEMS,271.432,USD,,,Edgar Tristan,09/01/2025,,
RP99938,#N/D,,APPLIED BIOSYSTEMS,271.432,USD,,,Edgar Tristan,09/01/2025,,
RP99939,#N/D,,APPLIED BIOSYSTEMS,271.432,USD,,,Edgar Tristan,09/01/2025,,
RP99940,#N/D,,APPLIED BIOSYSTEMS,271.432,USD,,,Edgar Tristan,09/01/2025,,
RP99941,#N/D,,APPLIED BIOSYSTEMS,271.432,USD,,,Edgar Tristan,09/01/2025,,
RP99942,#N/D,,APPLIED BIOSYSTEMS,271.432,USD,,,Edgar Tristan,09/01/2025,,
RP99943,#N/D,,APPLIED BIOSYSTEMS,271.432,USD,,,Edgar Tristan,09/01/2025,,
RP99944,#N/D,,APPLIED BIOSYSTEMS,271.432,USD,,,Edgar Tristan,09/01/2025,,
RP99945,#N/D,,APPLIED BIOSYSTEMS,271.432,USD,,,Edgar Tristan,09/01/2025,,
RP99946,#N/D,,APPLIED BIOSYSTEMS,271.432,USD,,,Edgar Tristan,09/01/2025,,
RP99947,#N/D,,APPLIED BIOSYSTEMS,271.432,USD,,,Edgar Tristan,09/01/2025,,
RP99948,#N/D,,APPLIED BIOSYSTEMS,271.432,USD,,,Edgar Tristan,09/01/2025,,
RP99949,#N/D,,APPLIED BIOSYSTEMS,271.432,USD,,,Edgar Tristan,09/01/2025,,
RP99950,#N/D,,APPLIED BIOSYSTEMS,271.432,USD,,,Edgar Tristan,09/01/2025,,
RP99951,#N/D,,APPLIED BIOSYSTEMS,271.432,USD,,,Edgar Tristan,09/01/2025,,
RP99952,#N/D,,APPLIED BIOSYSTEMS,271.432,USD,,,Edgar Tristan,09/01/2025,,
RP99953,#N/D,,APPLIED BIOSYSTEMS,271.432,USD,,,Edgar Tristan,09/01/2025,,
RP99954,#N/D,,APPLIED BIOSYSTEMS,271.432,USD,,,Edgar Tristan,09/01/2025,,
RP99955,#N/D,,APPLIED BIOSYSTEMS,271.432,USD,,,Edgar Tristan,09/01/2025,,
RP99956,#N/D,,APPLIED BIOSYSTEMS,271.432,USD,,,Edgar Tristan,09/01/2025,,
RP99957,#N/D,,APPLIED BIOSYSTEMS,271.432,USD,,,Edgar Tristan,09/01/2025,,
RP99958,#N/D,,APPLIED BIOSYSTEMS,271.432,USD,,,Edgar Tristan,09/01/2025,,
RP99959,#N/D,,APPLIED BIOSYSTEMS,271.432,USD,,,Edgar Tristan,09/01/2025,,
RP99960,#N/D,,APPLIED BIOSYSTEMS,271.432,USD,,,Edgar Tristan,09/01/2025,,
RP99961,#N/D,,APPLIED BIOSYSTEMS,271.432,USD,,,Edgar Tristan,09/01/2025,,
RP99962,#N/D,,APPLIED BIOSYSTEMS,271.432,USD,,,Edgar Tristan,09/01/2025,,
RP99963,#N/D,,APPLIED BIOSYSTEMS,271.432,USD,,,Edgar Tristan,09/01/2025,,
RP99964,#N/D,,APPLIED BIOSYSTEMS,271.432,USD,,,Edgar Tristan,09/01/2025,,
RP99965,#N/D,,APPLIED BIOSYSTEMS,271.432,USD,,,Edgar Tristan,09/01/2025,,
RP99966,#N/D,,APPLIED BIOSYSTEMS,271.432,USD,,,Edgar Tristan,09/01/2025,,
RP99967,#N/D,,APPLIED BIOSYSTEMS,271.432,USD,,,Edgar Tristan,09/01/2025,,
RP99968,#N/D,,APPLIED BIOSYSTEMS,271.432,USD,,,Edgar Tristan,09/01/2025,,
RP99969,#N/D,,APPLIED BIOSYSTEMS,271.432,USD,,,Edgar Tristan,09/01/2025,,
RP99970,#N/D,,APPLIED BIOSYSTEMS,271.432,USD,,,Edgar Tristan,09/01/2025,,
RP99971,#N/D,,APPLIED BIOSYSTEMS,271.432,USD,,,Edgar Tristan,09/01/2025,,
RP99972,#N/D,,APPLIED BIOSYSTEMS,271.432,USD,,,Edgar Tristan,09/01/2025,,
RP99973,#N/D,,APPLIED BIOSYSTEMS,271.432,USD,,,Edgar Tristan,09/01/2025,,
RP99974,#N/D,,APPLIED BIOSYSTEMS,271.432,USD,,,Edgar Tristan,09/01/2025,,
RP99975,#N/D,,APPLIED BIOSYSTEMS,271.432,USD,,,Edgar Tristan,09/01/2025,,
RP99976,#N/D,,APPLIED BIOSYSTEMS,271.432,USD,,,Edgar Tristan,09/01/2025,,
RP99977,#N/D,,APPLIED BIOSYSTEMS,271.432,USD,,,Edgar Tristan,09/01/2025,,
RP99978,#N/D,,APPLIED BIOSYSTEMS,271.432,USD,,,Edgar Tristan,09/01/2025,,
RP99979,#N/D,,APPLIED BIOSYSTEMS,271.432,USD,,,Edgar Tristan,09/01/2025,,
RP99980,#N/D,,APPLIED BIOSYSTEMS,271.432,USD,,,Edgar Tristan,09/01/2025,,
RP99981,#N/D,,APPLIED BIOSYSTEMS,271.432,USD,,,Edgar Tristan,09/01/2025,,
RP99982,#N/D,,APPLIED BIOSYSTEMS,271.432,USD,,,Edgar Tristan,09/01/2025,,
RP99983,#N/D,,APPLIED BIOSYSTEMS,271.432,USD,,,Edgar Tristan,09/01/2025,,
RP99984,#N/D,,APPLIED BIOSYSTEMS,271.432,USD,,,Edgar Tristan,09/01/2025,,
RP99985,#N/D,,APPLIED BIOSYSTEMS,271.432,USD,,,Edgar Tristan,09/01/2025,,
RP99986,#N/D,,APPLIED BIOSYSTEMS,271.432,USD,,,Edgar Tristan,09/01/2025,,
RP99987,#N/D,,APPLIED BIOSYSTEMS,271.432,USD,,,Edgar Tristan,09/01/2025,,
RP99988,#N/D,,APPLIED BIOSYSTEMS,271.432,USD,,,Edgar Tristan,09/01/2025,,
RP99989,#N/D,,APPLIED BIOSYSTEMS,271.432,USD,,,Edgar Tristan,09/01/2025,,
RP99990,#N/D,,APPLIED BIOSYSTEMS,271.432,USD,,,Edgar Tristan,09/01/2025,,
RP99991,#N/D,,APPLIED BIOSYSTEMS,271.432,USD,,,Edgar Tristan,09/01/2025,,
RP99992,#N/D,,APPLIED BIOSYSTEMS,271.432,USD,,,Edgar Tristan,09/01/2025,,
RP99993,#N/D,,APPLIED BIOSYSTEMS,271.432,USD,,,Edgar Tristan,09/01/2025,,
RP99994,#N/D,,APPLIED BIOSYSTEMS,271.432,USD,,,Edgar Tristan,09/01/2025,,
RP99995,#N/D,,APPLIED BIOSYSTEMS,271.432,USD,,,Edgar Tristan,09/01/2025,,
RP99996,#N/D,,APPLIED BIOSYSTEMS,271.432,USD,,,Edgar Tristan,09/01/2025,,
RP99997,#N/D,,APPLIED BIOSYSTEMS,271.432,USD,,,Edgar Tristan,09/01/2025,,
RP99998,#N/D,,APPLIED BIOSYSTEMS,271.432,USD,,,Edgar Tristan,09/01/2025,,
RP99999,#N/D,,APPLIED BIOSYSTEMS,271.432,USD,,,Edgar Tristan,09/01/2025,,
RPCI1.C,RPCI-1 HUMAN PAC CLONE CLONE,,APPLIED BIOSYSTEMS,328.024,USD,,,Edgar Tristan,09/01/2025,,
RPCI11.C,RPCI-11 HS BAC CLONE RPCI-11 HS BAC CLONE,,APPLIED BIOSYSTEMS,335.36,USD,,,Edgar Tristan,09/01/2025,,
RPCI11.P,RPCI-11 BAC LIBRARY PLATES EACH,,APPLIED BIOSYSTEMS,509.328,USD,,,Edgar Tristan,09/01/2025,,
RPCI21.C,RPCI-21 MM PAC CLONE RPCI-21 MM PAC CLONE,,APPLIED BIOSYSTEMS,332.216,USD,,,Edgar Tristan,09/01/2025,,
RPCI22.C,RPCI-22 MM BAC CLONE EA,,APPLIED BIOSYSTEMS,330.12,USD,,,Edgar Tristan,09/01/2025,,
RPCI23.C,RPCI-23 MM BAC CLONE EACH,,APPLIED BIOSYSTEMS,333.264,USD,,,Edgar Tristan,09/01/2025,,
RPCI23.HYB,RPCI-23 MOUSE BAC EA,,APPLIED BIOSYSTEMS,4459.24,USD,,,Edgar Tristan,09/01/2025,,
RPCI3.C,RPCI-3 HUMAN PAC CLONE CLONE,,APPLIED BIOSYSTEMS,332.216,USD,,,Edgar Tristan,09/01/2025,,
RPCI31.C,RPCI31 RN PAC CLONE RPCI31 RN PAC CLONE,,APPLIED BIOSYSTEMS,143.576,USD,,,Edgar Tristan,09/01/2025,,
RPCI31.HYB,HYBSCRN SERVRPCI11 RATPACLIB EA,,APPLIED BIOSYSTEMS,4459.24,USD,,,Edgar Tristan,09/01/2025,,
RPCI4.C,RPCI-4 HUMAN PAC CLONE CLONE,,APPLIED BIOSYSTEMS,328.024,USD,,,Edgar Tristan,09/01/2025,,
RPCI5.C,RPCI-5 HUMAN PAC CLONE CLONE,,APPLIED BIOSYSTEMS,330.12,USD,,,Edgar Tristan,09/01/2025,,
RPCI6.C,RPCI-6 HUMAN PAC CLONE CLONE,,APPLIED BIOSYSTEMS,332.216,USD,,,Edgar Tristan,09/01/2025,,
RPE65-101AP,#N/D,,APPLIED BIOSYSTEMS,347.936,USD,,,Edgar Tristan,09/01/2025,,
RPE65-BIOTIN,#N/D,,APPLIED BIOSYSTEMS,453.784,USD,,,Edgar Tristan,09/01/2025,,
RPE65-FITC,RPE65 ANTIBODY FITC 200 UL,,APPLIED BIOSYSTEMS,453.784,USD,,,Edgar Tristan,09/01/2025,,
RPIL1BI,PORCINE IL-1 BETA RECOMBINANT PROTEIN  20 UG,,APPLIED BIOSYSTEMS,426.536,USD,,,Edgar Tristan,09/01/2025,,
RPIL6I,PORCINE IL-6 RECOMBINANT PROTEIN  20 UG,,APPLIED BIOSYSTEMS,530.288,USD,,,Edgar Tristan,09/01/2025,,
RPTNFAI,PORCINE TNF ALPHA RECOMBINANT PROTEIN  20 UG,,APPLIED BIOSYSTEMS,430.728,USD,,,Edgar Tristan,09/01/2025,,
RR050008L1,F-12 NUTRIENT MIXTURE (HAM) 1000ML,,APPLIED BIOSYSTEMS,0.008,USD,,,Edgar Tristan,09/01/2025,,
RR060001L1,RPMI MEDIUM 1640 1X 500ML,,APPLIED BIOSYSTEMS,0.008,USD,,,Edgar Tristan,09/01/2025,,
RR060009L1,DIAMOND VITAMINS 40X 500ML,,APPLIED BIOSYSTEMS,0.008,USD,,,Edgar Tristan,09/01/2025,,
RR060026L3,F-12 NUTRIENT MIXTURE (HAM) 1X 5 L,,APPLIED BIOSYSTEMS,0.008,USD,,,Edgar Tristan,09/01/2025,,
RR060047L1,BASAL MEDIUM EAGLE 0.5L,,APPLIED BIOSYSTEMS,0.008,USD,,,Edgar Tristan,09/01/2025,,
RR060088L1,E-PET 500ML,,APPLIED BIOSYSTEMS,0.008,USD,,,Edgar Tristan,09/01/2025,,
RR070044L1,KERATINOCYTE-SFM 500ML,,APPLIED BIOSYSTEMS,0.008,USD,,,Edgar Tristan,09/01/2025,,
RR080084L1,MINIMUM ESSENTIAL MEDIUM 1000ML,,APPLIED BIOSYSTEMS,0.008,USD,,,Edgar Tristan,09/01/2025,,
RR090024L1,FAD MEDIUM 500ML,,APPLIED BIOSYSTEMS,0.008,USD,,,Edgar Tristan,09/01/2025,,
RR090058L1,ACL-4 MEDIUM 500ML,,APPLIED BIOSYSTEMS,0.008,USD,,,Edgar Tristan,09/01/2025,,
RR090071P1,WILLIAMS' MEDIUM E 1KG,,APPLIED BIOSYSTEMS,0.008,USD,,,Edgar Tristan,09/01/2025,,
RR100013L1,CD CHO MEDIUM 1000ML,,APPLIED BIOSYSTEMS,0.008,USD,,,Edgar Tristan,09/01/2025,,
RR100014L1,CD CHO 1000ML,,APPLIED BIOSYSTEMS,0.008,USD,,,Edgar Tristan,09/01/2025,,
RR100022L1,PFMR-4 COMPLETE W/GLU  LOW CA 500ML,,APPLIED BIOSYSTEMS,0.008,USD,,,Edgar Tristan,09/01/2025,,
RR100092L1,F-12 NUT MIX KAIGHNS 500ML,,APPLIED BIOSYSTEMS,0.008,USD,,,Edgar Tristan,09/01/2025,,
RR100093L1,ADVANCED DMEM/F-12 500ML,,APPLIED BIOSYSTEMS,0.008,USD,,,Edgar Tristan,09/01/2025,,
RR100108P1,DULBECCOS MODIFIED EAGLE MED 1kg,,APPLIED BIOSYSTEMS,0.008,USD,,,Edgar Tristan,09/01/2025,,
RR100113L2,F-12 NUTRIENT MIXTURE(HAM)(1X) 500 ML,,APPLIED BIOSYSTEMS,0.008,USD,,,Edgar Tristan,09/01/2025,,
RR100114P1,HUMAN TRANSFERRIN HOLO 0.5g,,APPLIED BIOSYSTEMS,0.008,USD,,,Edgar Tristan,09/01/2025,,
RR100125L3,HYBRIDOMA SFM (1X) 1000ML,,APPLIED BIOSYSTEMS,0.008,USD,,,Edgar Tristan,09/01/2025,,
RR110008P1,SDM 79 MEDIUM 1KG,,APPLIED BIOSYSTEMS,0.008,USD,,,Edgar Tristan,09/01/2025,,
RR110010L1,MEM ALPHA MEDIUM 500ML,,APPLIED BIOSYSTEMS,0.008,USD,,,Edgar Tristan,09/01/2025,,
RR110017L1,DIAMOND VITAMINS 40X 100ML,,APPLIED BIOSYSTEMS,0.008,USD,,,Edgar Tristan,09/01/2025,,
RRC50,LSI VETMAX RUM ROTA CORONA 50 Tests,,APPLIED BIOSYSTEMS,1506.224,USD,,,Edgar Tristan,09/01/2025,,
RRIL18I,RAT IL-18 RECOMBINANT PROTEIN  20 UG,,APPLIED BIOSYSTEMS,359.464,USD,,,Edgar Tristan,09/01/2025,,
RRIL2I,RAT IL-2 RECOMBINANT PROTEIN  20 UG,,APPLIED BIOSYSTEMS,446.448,USD,,,Edgar Tristan,09/01/2025,,
RRIL410,RECOMBINANT RAT IL4 10 UG 1 ea = 20 ug,,APPLIED BIOSYSTEMS,393,USD,,,Edgar Tristan,09/01/2025,,
RRIL65,RECOMBINANT RAT INTERLEUKIN-6 10 ug EA,,APPLIED BIOSYSTEMS,275.624,USD,,,Edgar Tristan,09/01/2025,,
RRMCP110,RECOMBINANT RAT MCP-1 EA,,APPLIED BIOSYSTEMS,451.688,USD,,,Edgar Tristan,09/01/2025,,
RRMIL18I,RHESUS IL-18 RECOMBINANT PROTEIN  20 UG,,APPLIED BIOSYSTEMS,417.104,USD,,,Edgar Tristan,09/01/2025,,
RRNTS20,RECOMBINANT HUMAN RANTES EA,,APPLIED BIOSYSTEMS,486.272,USD,,,Edgar Tristan,09/01/2025,,
RRTNFAI,RAT TNF ALPHA RECOMBINANT PROTEIN,,APPLIED BIOSYSTEMS,451.688,USD,,,Edgar Tristan,09/01/2025,,
RSCF10,RECOMBINANT HUMAN SCF 10 UG EA,,APPLIED BIOSYSTEMS,448.544,USD,,,Edgar Tristan,09/01/2025,,
RT171577MSM1BC0,#N/D,,APPLIED BIOSYSTEMS,301.824,USD,,,Edgar Tristan,09/01/2025,,
RT171577MSM1BC1,#N/D,,APPLIED BIOSYSTEMS,607.84,USD,,,Edgar Tristan,09/01/2025,,
RT171577MSM2BC0,#N/D,,APPLIED BIOSYSTEMS,301.824,USD,,,Edgar Tristan,09/01/2025,,
RT171577MSM2BC1,#N/D,,APPLIED BIOSYSTEMS,607.84,USD,,,Edgar Tristan,09/01/2025,,
RT-250,RFP VHH ANTIBODY 250 UL,,APPLIED BIOSYSTEMS,453.784,USD,,,Edgar Tristan,09/01/2025,,
RT601PABX,HUMAN CD115 MAB CLONE 2-4A5-4 EA,,APPLIED BIOSYSTEMS,548.104,USD,,,Edgar Tristan,09/01/2025,,
RTCP10,RAT CRYO HEP MALE PLATEABLE 4-8 MILLION RECOVERABLE CELLS,,APPLIED BIOSYSTEMS,685.392,USD,,,Edgar Tristan,09/01/2025,,
RTCP20,RAT CRYO HEP FEM PLATEABLE 4-8 MILLION RECOVERABLE CELLS,,APPLIED BIOSYSTEMS,685.392,USD,,,Edgar Tristan,09/01/2025,,
RTCS10,RAT CRYO HEP MALE SUSPENSION 4-8 MILLION RECOVERABLE CELLS,,APPLIED BIOSYSTEMS,322.784,USD,,,Edgar Tristan,09/01/2025,,
RTCS20,RAT CRYO HEP FEM SUSPENSION 4-8 MILLION RECOVERABLE CELLS,,APPLIED BIOSYSTEMS,264.096,USD,,,Edgar Tristan,09/01/2025,,
RTCYPL,RAT LIVER CYTOSOL POOLED 1 ML,,APPLIED BIOSYSTEMS,56.592,USD,,,Edgar Tristan,09/01/2025,,
RTKCCS,RAT SD CRYO KUPFFER 1 MILLION CELLS,,APPLIED BIOSYSTEMS,578.496,USD,,,Edgar Tristan,09/01/2025,,
RTM1-1599-P0,MECA-79 ANTIBODY 20 UG,,APPLIED BIOSYSTEMS,301.824,USD,,,Edgar Tristan,09/01/2025,,
RTM1-1599-P1,#N/D,,APPLIED BIOSYSTEMS,607.84,USD,,,Edgar Tristan,09/01/2025,,
RTM1-1599-P1BX,MECA-79 ANTIBODY 100 UG,,APPLIED BIOSYSTEMS,607.84,USD,,,Edgar Tristan,09/01/2025,,
RTM1-1746-P0,HUMAN HERPES VIRUS 8 (HHV8) AN 20 UG,,APPLIED BIOSYSTEMS,301.824,USD,,,Edgar Tristan,09/01/2025,,
RTM1-1746-P1,#N/D,,APPLIED BIOSYSTEMS,607.84,USD,,,Edgar Tristan,09/01/2025,,
RTM1-1746-P1ABX,#N/D,,APPLIED BIOSYSTEMS,607.84,USD,,,Edgar Tristan,09/01/2025,,
RTM1-2001-P0,IL-10R1 (INTERLEUKIN-10 RECEPT 20 UG,,APPLIED BIOSYSTEMS,301.824,USD,,,Edgar Tristan,09/01/2025,,
RTM1-2001-P1,#N/D,,APPLIED BIOSYSTEMS,607.84,USD,,,Edgar Tristan,09/01/2025,,
RTM1-2001-P1ABX,#N/D,,APPLIED BIOSYSTEMS,607.84,USD,,,Edgar Tristan,09/01/2025,,
RTM1-2002-P0,#N/D,,APPLIED BIOSYSTEMS,301.824,USD,,,Edgar Tristan,09/01/2025,,
RTM1-2002-P1,#N/D,,APPLIED BIOSYSTEMS,607.84,USD,,,Edgar Tristan,09/01/2025,,
RTM1-2002-P1ABX,#N/D,,APPLIED BIOSYSTEMS,607.84,USD,,,Edgar Tristan,09/01/2025,,
RTM1-2003-P0,#N/D,,APPLIED BIOSYSTEMS,301.824,USD,,,Edgar Tristan,09/01/2025,,
RTM1-2003-P1,#N/D,,APPLIED BIOSYSTEMS,607.84,USD,,,Edgar Tristan,09/01/2025,,
RTM1-2003-P1ABX,#N/D,,APPLIED BIOSYSTEMS,607.84,USD,,,Edgar Tristan,09/01/2025,,
RTM1-2004-P0,#N/D,,APPLIED BIOSYSTEMS,301.824,USD,,,Edgar Tristan,09/01/2025,,
RTM1-2004-P1,#N/D,,APPLIED BIOSYSTEMS,607.84,USD,,,Edgar Tristan,09/01/2025,,
RTM1-2004-P1ABX,#N/D,,APPLIED BIOSYSTEMS,607.84,USD,,,Edgar Tristan,09/01/2025,,
RTM1-2005-P0,#N/D,,APPLIED BIOSYSTEMS,301.824,USD,,,Edgar Tristan,09/01/2025,,
RTM1-2005-P1,#N/D,,APPLIED BIOSYSTEMS,607.84,USD,,,Edgar Tristan,09/01/2025,,
RTM1-2005-P1ABX,CD40 ANTIBODY 100 UG,,APPLIED BIOSYSTEMS,607.84,USD,,,Edgar Tristan,09/01/2025,,
RTM1-2008-P0,#N/D,,APPLIED BIOSYSTEMS,301.824,USD,,,Edgar Tristan,09/01/2025,,
RTM1-2008-P1,#N/D,,APPLIED BIOSYSTEMS,607.84,USD,,,Edgar Tristan,09/01/2025,,
RTM1-2008-P1ABX,#N/D,,APPLIED BIOSYSTEMS,607.84,USD,,,Edgar Tristan,09/01/2025,,
RTM1-2009-P0,#N/D,,APPLIED BIOSYSTEMS,301.824,USD,,,Edgar Tristan,09/01/2025,,
RTM1-2009-P1,#N/D,,APPLIED BIOSYSTEMS,607.84,USD,,,Edgar Tristan,09/01/2025,,
RTM1-2009-P1ABX,#N/D,,APPLIED BIOSYSTEMS,607.84,USD,,,Edgar Tristan,09/01/2025,,
RTM1-2012-P0,#N/D,,APPLIED BIOSYSTEMS,301.824,USD,,,Edgar Tristan,09/01/2025,,
RTM1-2012-P1,#N/D,,APPLIED BIOSYSTEMS,607.84,USD,,,Edgar Tristan,09/01/2025,,
RTM1-2012-P1ABX,#N/D,,APPLIED BIOSYSTEMS,607.84,USD,,,Edgar Tristan,09/01/2025,,
RTM1-2500-P0,INTEGRIN ALPHA V + BETA 6 ANTI 20 UG,,APPLIED BIOSYSTEMS,301.824,USD,,,Edgar Tristan,09/01/2025,,
RTM1-2500-P1,INTEGRIN ALPHA V + BETA 6 ANTI 100 UG,,APPLIED BIOSYSTEMS,607.84,USD,,,Edgar Tristan,09/01/2025,,
RTM1-2500-P1ABX,INTEGRIN ALPHA V + BETA 6 ANTI 100 UG,,APPLIED BIOSYSTEMS,607.84,USD,,,Edgar Tristan,09/01/2025,,
RTM1-663-P0,IL-6 (INTERLEUKIN-6) ANTIBODY 20 UG,,APPLIED BIOSYSTEMS,301.824,USD,,,Edgar Tristan,09/01/2025,,
RTM1-663-P1,#N/D,,APPLIED BIOSYSTEMS,607.84,USD,,,Edgar Tristan,09/01/2025,,
RTM1-663-P1ABX,#N/D,,APPLIED BIOSYSTEMS,607.84,USD,,,Edgar Tristan,09/01/2025,,
RTMCPL,RAT LIVER MICROSOME POOLED 0.5 ML,,APPLIED BIOSYSTEMS,73.096,USD,,,Edgar Tristan,09/01/2025,,
RTNFAI,HUMAN TNF ALPHA RECOMBINANT PROTEIN  20 UG,,APPLIED BIOSYSTEMS,438.064,USD,,,Edgar Tristan,09/01/2025,,
RTNFB20,RECOMBINANT HUMAN TNF BETA EA,,APPLIED BIOSYSTEMS,469.504,USD,,,Edgar Tristan,09/01/2025,,
RTP-KIT-01,AMP V2 DRAWER ASSEMBLY EA,,APPLIED BIOSYSTEMS,24076.8,USD,,,Edgar Tristan,09/01/2025,,
RTP-KIT-02,AMP V2 BOTTLE HOLDER EA,,APPLIED BIOSYSTEMS,4919.2,USD,,,Edgar Tristan,09/01/2025,,
RTP-KIT-03,AMP V2 BEACON KIT EA,,APPLIED BIOSYSTEMS,2098.8,USD,,,Edgar Tristan,09/01/2025,,
RTP-KIT-05,AMP V2 GPIO EA,,APPLIED BIOSYSTEMS,11536.8,USD,,,Edgar Tristan,09/01/2025,,
RTP-KIT-06,AMP V2 RANDOM HOTELS EA,,APPLIED BIOSYSTEMS,2402.4,USD,,,Edgar Tristan,09/01/2025,,
RTP-KIT-08,AMP V2 USB HUB & CABLES EA,,APPLIED BIOSYSTEMS,1490.72,USD,,,Edgar Tristan,09/01/2025,,
RTP-KIT-10,AMP V2 STACK HOTELS PACK OF 12 EA,,APPLIED BIOSYSTEMS,29040,USD,,,Edgar Tristan,09/01/2025,,
RTP-KIT-11,AMP V2 PRESTO MEZZ EA,,APPLIED BIOSYSTEMS,4048,USD,,,Edgar Tristan,09/01/2025,,
RTS9PL,RAT LIVER S9 POOLED 1 ML,,APPLIED BIOSYSTEMS,72.048,USD,,,Edgar Tristan,09/01/2025,,
RUDOLPH,RUDOLPH CUDDLY TOY RUDOLPH CUDDLY TOY,,APPLIED BIOSYSTEMS,0.008,USD,,,Edgar Tristan,09/01/2025,,
RUNX1-101AP,#N/D,,APPLIED BIOSYSTEMS,347.936,USD,,,Edgar Tristan,09/01/2025,,
RUNX1-BIOTIN,#N/D,,APPLIED BIOSYSTEMS,453.784,USD,,,Edgar Tristan,09/01/2025,,
RUNX1-FITC,#N/D,,APPLIED BIOSYSTEMS,453.784,USD,,,Edgar Tristan,09/01/2025,,
RUNX2-201AP,RUNX2 ANTIBODY 200 UL,,APPLIED BIOSYSTEMS,347.936,USD,,,Edgar Tristan,09/01/2025,,
RUNX2-BIOTIN,#N/D,,APPLIED BIOSYSTEMS,453.784,USD,,,Edgar Tristan,09/01/2025,,
RUNX2-FITC,RUNX2 ANTIBODY FITC 200 UL,,APPLIED BIOSYSTEMS,453.784,USD,,,Edgar Tristan,09/01/2025,,
RUNX3-301AP,#N/D,,APPLIED BIOSYSTEMS,347.936,USD,,,Edgar Tristan,09/01/2025,,
RUNX3-301BIOTIN,#N/D,,APPLIED BIOSYSTEMS,453.784,USD,,,Edgar Tristan,09/01/2025,,
RUNX3-301-FITC,#N/D,,APPLIED BIOSYSTEMS,453.784,USD,,,Edgar Tristan,09/01/2025,,
RUNX3-312AP,#N/D,,APPLIED BIOSYSTEMS,347.936,USD,,,Edgar Tristan,09/01/2025,,
RUNX3-312BIOTIN,#N/D,,APPLIED BIOSYSTEMS,453.784,USD,,,Edgar Tristan,09/01/2025,,
RUNX3-312-FITC,#N/D,,APPLIED BIOSYSTEMS,453.784,USD,,,Edgar Tristan,09/01/2025,,
RVEGFI,RECOMBINANT HUMAN VEGF 165 EA,,APPLIED BIOSYSTEMS,440.16,USD,,,Edgar Tristan,09/01/2025,,
RYR-101AP,RYANODINE RECEPTOR ANTIBODY 200 UL,,APPLIED BIOSYSTEMS,368.896,USD,,,Edgar Tristan,09/01/2025,,
RYR-BIOTIN,#N/D,,APPLIED BIOSYSTEMS,464.264,USD,,,Edgar Tristan,09/01/2025,,
RYR-FITC,#N/D,,APPLIED BIOSYSTEMS,464.264,USD,,,Edgar Tristan,09/01/2025,,
S0015,HKGS 5ML 5 ML,,APPLIED BIOSYSTEMS,72.904,USD,,,Edgar Tristan,09/01/2025,,
S001K,HKGS KIT EACH,,APPLIED BIOSYSTEMS,94.056,USD,,,Edgar Tristan,09/01/2025,,
S001T03B01,#N/D,,APPLIED BIOSYSTEMS,372.04,USD,,,Edgar Tristan,09/01/2025,,
S001T03B03,#N/D,,APPLIED BIOSYSTEMS,372.04,USD,,,Edgar Tristan,09/01/2025,,
S001T03B04,#N/D,,APPLIED BIOSYSTEMS,372.04,USD,,,Edgar Tristan,09/01/2025,,
S001T03B06,#N/D,,APPLIED BIOSYSTEMS,372.04,USD,,,Edgar Tristan,09/01/2025,,
S001T03B08,#N/D,,APPLIED BIOSYSTEMS,372.04,USD,,,Edgar Tristan,09/01/2025,,
S001T03R02,FAB2 ANTI-MO IGG POLYÂ NR 685 100 UG,,APPLIED BIOSYSTEMS,373.088,USD,,,Edgar Tristan,09/01/2025,,
S001T03R02-A,"FAB2 MO IGG NR 685 KIT, PAB 100 UG",,APPLIED BIOSYSTEMS,364.704,USD,,,Edgar Tristan,09/01/2025,,
S001T03R03,FAB2 ANTI-MO IGG POLYÂ NR 700 100 UG,,APPLIED BIOSYSTEMS,373.088,USD,,,Edgar Tristan,09/01/2025,,
S001T03R03-A,#N/D,,APPLIED BIOSYSTEMS,364.704,USD,,,Edgar Tristan,09/01/2025,,
S001T03Y02,FAB2 ANTI-MO IGG POLYÂ NY 590 100 UG,,APPLIED BIOSYSTEMS,380.424,USD,,,Edgar Tristan,09/01/2025,,
S001T03Y02-A,#N/D,,APPLIED BIOSYSTEMS,364.704,USD,,,Edgar Tristan,09/01/2025,,
S001T03Y03,FAB2 ANTI-MO IGG POLYÂ NY 610 100 UG,,APPLIED BIOSYSTEMS,373.088,USD,,,Edgar Tristan,09/01/2025,,
S001T03Y03-A,"FAB2 MO IGG NY 610 KIT, PAB 100 UG",,APPLIED BIOSYSTEMS,364.704,USD,,,Edgar Tristan,09/01/2025,,
S001T03Y04,FAB2 ANTI-MO IGG POLYÂ NY 660 100 UG,,APPLIED BIOSYSTEMS,379.376,USD,,,Edgar Tristan,09/01/2025,,
S001T03Y04-A,"FAB2 MO IGG NY 660 KIT, PAB 100 UG",,APPLIED BIOSYSTEMS,364.704,USD,,,Edgar Tristan,09/01/2025,,
S0025,HMGS 5ML 5 ML,,APPLIED BIOSYSTEMS,115.28,USD,,,Edgar Tristan,09/01/2025,,
S002T03B01,#N/D,,APPLIED BIOSYSTEMS,373.088,USD,,,Edgar Tristan,09/01/2025,,
S002T03B01-A,#N/D,,APPLIED BIOSYSTEMS,364.704,USD,,,Edgar Tristan,09/01/2025,,
